,Gene_Symbol,rsID,Chromosome,Position,Ref_Allele,Alt_Allele,Variant_Type,Variant_Type_Label,Non_Coding_Region,Non_Coding_Region_Label,H3K4me3,H3K27ac,Top_TF_Binding,ClinVar_Significance,ClinVar_Significance_Label,GTEx_eQTL,Training_Split,H3K4me3_PeakCount,H3K4me3_PeakScore,H3K27ac_PeakScore,Sequence_Ref,Sequence_Alt,PhyloP_Score,Sequence_Status,TF_MNT_disrupted,TF_MNT_created,TF_MAX_disrupted,TF_MAX_created,TF_ELF1_disrupted,TF_CREB1_disrupted,TF_CREB1_created,TF_TOE1_created,TF_ELK1_disrupted,TF_ELK1_created,TF_OVOL1_created,TF_CLOCK_disrupted,TF_ZFX_disrupted,TF_ZFX_created,TF_FOS_disrupted,TF_FOS_created,TF_FOXA1_created,TF_MBD2_created,TF_JUND_disrupted,TF_CEBPG_created,TF_MSX2_disrupted,TF_MSX2_created,TF_MYC_disrupted,TF_GATA3_disrupted,TF_GATA3_created,TF_NR2F2_disrupted,TF_NR2F2_created,TF_E4F1_disrupted,TF_E4F1_created,TF_E2F8_disrupted,TF_E2F8_created,TF_FOXM1_disrupted,TF_FOXM1_created,TF_FOSL2_disrupted,TF_FOSL2_created,TF_Count_Disrupted,TF_Count_Created,Max_Disruption_Score,Most_Disrupted_TF,Most_Created_TF,Motif_Score_Reliable,svc_pred_class,predicted_pathogenicity,svc_proba_class_0,svc_proba_class_1,svc_proba_class_2,svc_proba_class_3,svc_proba_pathogenic,svc_proba_likely_pathogenic,svc_proba_pathogenic_spectrum,svc_confidence_top_class,original_data_row_index,predicted_pathogenic,predicted_pathogenic_spectrum
11,BRCA1,rs80358348,Chr17,43047680,,,1,indel,7,nc_transcript,0,0,CTCF; POLR2A; H2AFZ; POLR2AphosphoS5; MAX,2,uncertain-significance,0,unlabeled,0,0.0,0.0,GCAGGCACCTTACCATGGAAGCCATTGTCCTCTGTCCAGGCATCTGGCTGCACAACCACAATTGGGTGGACACCCTGGATCCCCAGGAAGGAAAGAGCATT,GCAGGCACCTTACCATGGAAGCCATTGTCCTCTGTCCAGGCATCTGGCTGCACAACCACAATTGGGTGGACACCCTGGATCCCCAGGAAGGAAAGAGCATT,0.9764,no_refalt,0,0,0,0,0,0,0,0,0,0,0,0,0,0,0,0,0,0,0,0,0,0,0,0,0,0,0,0,0,0,0,0,0,0,0,0,0,0.0,,,0,3,pathogenic,0.1519432953406316,0.37242065155188486,0.054124134250912295,0.42151191885657124,0.42151191885657124,0.054124134250912295,0.4756360531074835,0.42151191885657124,11,True,True
16,BRCA1,rs55946644,Chr17,43049113,A,C,0,single nucleotide variant,2,intronic,0,0,CTCF; POLR2A; H2AFZ; POLR2AphosphoS5; MAX,2,not-provided,0,unlabeled,0,0.0,0.0,CTTGCTCACAGGAGAGAATATTGTGTCCTCCCTCTCTGACAGGGCACCCAATACTTACTGTGCCAAGGGTGAATGATGAAAGCTCCTTCACCACAGAAGCA,CTTGCTCACAGGAGAGAATATTGTGTCCTCCCTCTCTGACAGGGCACCCACTACTTACTGTGCCAAGGGTGAATGATGAAAGCTCCTTCACCACAGAAGCA,0.7581,ok,0,0,0,0,0,0,0,0,0,0,0,0,0,0,0,0,0,0,0,0,0,0,0,0,0,0,0,0,0,0,0,0,0,0,0,0,0,0.0,,,1,3,pathogenic,0.3115132947357256,0.2570352501680193,0.10280418462666749,0.3286472704695873,0.3286472704695873,0.10280418462666749,0.4314514550962548,0.3286472704695873,16,True,True
26,BRCA1,rs80358084,Chr17,43049202,G,A,0,single nucleotide variant,2,intronic,0,0,CTCF; POLR2A; H2AFZ; POLR2AphosphoS5; MAX,2,conflicting-interpretations-of-pathogenicity,0,unlabeled,0,0.0,0.0,ACCACAGAAGCACCACACAGCTGTACCATCCATTCCAGTTGATCTAAAATGGACATTTAGATGTAAAATCACTGCAGTAATCTGCATACTTAACCCAGGCC,ACCACAGAAGCACCACACAGCTGTACCATCCATTCCAGTTGATCTAAAATAGACATTTAGATGTAAAATCACTGCAGTAATCTGCATACTTAACCCAGGCC,0.5323,ok,0,0,0,0,0,0,0,0,0,0,0,0,0,0,0,0,0,0,0,0,0,0,0,0,0,0,0,0,0,0,0,0,0,0,0,0,0,0.0,,,1,3,pathogenic,0.3317617516322521,0.26727779286765546,0.0980979096449132,0.3028625458551793,0.3028625458551793,0.0980979096449132,0.4009604555000925,0.3317617516322521,26,True,True
41,BRCA1,rs397509251,Chr17,43057048,T,A,0,single nucleotide variant,2,intronic,0,0,CTCF; POLR2A; H2AFZ; POLR2AphosphoS5; MAX,2,uncertain-significance,0,unlabeled,0,0.0,0.0,GGAATACAGAGTGGTGGGGTGAGATTTTTGTCAACTTGAGGGAGGGAGCTTTACCTTTCTGTCCTGGGATTCTCTTGCTCGCTTTGGACCTTGGTGGTTTC,GGAATACAGAGTGGTGGGGTGAGATTTTTGTCAACTTGAGGGAGGGAGCTATACCTTTCTGTCCTGGGATTCTCTTGCTCGCTTTGGACCTTGGTGGTTTC,2.5871,ok,0,0,0,0,0,0,0,0,0,0,0,0,0,0,0,0,0,0,0,0,0,0,0,0,0,0,0,0,0,0,0,0,0,0,0,0,0,0.0,,,1,3,pathogenic,0.14460301776822274,0.1876176493863069,0.15628616317862465,0.511493169666846,0.511493169666846,0.15628616317862465,0.6677793328454706,0.511493169666846,41,True,True
42,BRCA1,rs397509250,Chr17,43057049,T,A,0,single nucleotide variant,2,intronic,0,0,CTCF; POLR2A; H2AFZ; POLR2AphosphoS5; MAX,2,conflicting-interpretations-of-pathogenicity,0,unlabeled,0,0.0,0.0,GAATACAGAGTGGTGGGGTGAGATTTTTGTCAACTTGAGGGAGGGAGCTTTACCTTTCTGTCCTGGGATTCTCTTGCTCGCTTTGGACCTTGGTGGTTTCT,GAATACAGAGTGGTGGGGTGAGATTTTTGTCAACTTGAGGGAGGGAGCTTAACCTTTCTGTCCTGGGATTCTCTTGCTCGCTTTGGACCTTGGTGGTTTCT,2.2414,ok,0,0,0,0,0,0,0,0,0,0,0,0,0,0,0,0,0,0,0,0,0,0,0,0,0,0,0,0,0,0,0,0,0,0,0,0,0,0.0,,,1,3,pathogenic,0.17041550044893816,0.1997377634704587,0.14507869664789289,0.4847680394327104,0.4847680394327104,0.14507869664789289,0.6298467360806033,0.4847680394327104,42,True,True
53,BRCA1,rs8176260,Chr17,43063311,G,A,0,single nucleotide variant,2,intronic,0,0,CTCF; POLR2A; H2AFZ; POLR2AphosphoS5; MAX,2,not-provided,0,unlabeled,0,0.0,0.0,AGGAAGCAAATACATTTTTAACTATATGACTGAATGAATATCTCTGGTTAGTTTGTAACATCAAGTACTTACCTCATTCAGCATTTTTCTTTCTTTAATAG,AGGAAGCAAATACATTTTTAACTATATGACTGAATGAATATCTCTGGTTAATTTGTAACATCAAGTACTTACCTCATTCAGCATTTTTCTTTCTTTAATAG,1.4451,ok,0,0,0,0,0,0,0,0,0,0,0,0,0,0,0,0,0,0,0,0,0,0,0,0,0,0,0,0,0,0,0,0,0,0,0,0,0,0.0,,,1,3,pathogenic,0.24350839793597404,0.22864712421677158,0.12009971321841365,0.40774476462884063,0.40774476462884063,0.12009971321841365,0.5278444778472543,0.40774476462884063,53,True,True
55,BRCA1,rs80358346,Chr17,43063363,,,2,deletion,7,nc_transcript,0,0,CTCF; POLR2A; H2AFZ; POLR2AphosphoS5; MAX,2,uncertain-significance,0,unlabeled,0,0.0,0.0,TTGTAACATCAAGTACTTACCTCATTCAGCATTTTTCTTTCTTTAATAGACTGGGTCACCCCTAAAGAGATCATAGAAAAGACAGGTTACATACAGCAGAA,TTGTAACATCAAGTACTTACCTCATTCAGCATTTTTCTTTCTTTAATAGACTGGGTCACCCCTAAAGAGATCATAGAAAAGACAGGTTACATACAGCAGAA,1.6424,no_refalt,0,0,0,0,0,0,0,0,0,0,0,0,0,0,0,0,0,0,0,0,0,0,0,0,0,0,0,0,0,0,0,0,0,0,0,0,0,0.0,,,0,3,pathogenic,0.1745885804860479,0.5066055256289691,0.055688304603516876,0.2631175892814663,0.2631175892814663,0.055688304603516876,0.31880589388498315,0.5066055256289691,55,True,True
57,BRCA1,rs80358129,Chr17,43063379,G,A,0,single nucleotide variant,2,intronic,0,0,CTCF; POLR2A; H2AFZ; POLR2AphosphoS5; MAX,2,not-provided,0,unlabeled,0,0.0,0.0,TTACCTCATTCAGCATTTTTCTTTCTTTAATAGACTGGGTCACCCCTAAAGAGATCATAGAAAAGACAGGTTACATACAGCAGAAGAACGTGCTCTTTTCA,TTACCTCATTCAGCATTTTTCTTTCTTTAATAGACTGGGTCACCCCTAAAAAGATCATAGAAAAGACAGGTTACATACAGCAGAAGAACGTGCTCTTTTCA,1.2479,ok,0,0,0,0,0,0,0,0,0,0,0,0,0,0,0,0,0,0,0,0,0,0,0,0,0,0,0,0,0,0,0,0,0,0,0,0,0,0.0,,,1,3,pathogenic,0.2624880833768147,0.23651288537587126,0.11529662482105782,0.38570240642625636,0.38570240642625636,0.11529662482105782,0.5009990312473142,0.38570240642625636,57,True,True
76,BRCA1,rs11654396,Chr17,43067324,G,A,0,single nucleotide variant,2,intronic,0,0,CTCF; POLR2A; H2AFZ; POLR2AphosphoS5; MAX,2,not-provided,0,unlabeled,0,0.0,0.0,GAGACGGAGCCTTGCTCTGTCGCCAGGCTGGAATGCAGTGGCATGATCTCGGCTCACTGCAACCTCCATCTCCCCGGTTCAAGTGATTCTCCTGCCTCAGC,GAGACGGAGCCTTGCTCTGTCGCCAGGCTGGAATGCAGTGGCATGATCTCAGCTCACTGCAACCTCCATCTCCCCGGTTCAAGTGATTCTCCTGCCTCAGC,0.5386,ok,0,0,0,0,0,0,0,0,0,0,0,0,0,0,0,0,0,0,0,0,0,0,0,0,0,0,0,0,0,0,0,0,0,0,0,0,0,0.0,,,1,3,pathogenic,0.3312381440447931,0.2669748213964232,0.09822017986303419,0.3035668546957496,0.3035668546957496,0.09822017986303419,0.40178703455878384,0.3312381440447931,76,True,True
80,BRCA1,rs80358032,Chr17,43067602,G,A,0,single nucleotide variant,2,intronic,0,0,CTCF; POLR2A; H2AFZ; POLR2AphosphoS5; MAX,2,uncertain-significance,0,unlabeled,0,0.0,0.0,CCTCATGTGGTTTTATGCAGCAGATGCAAGGTATTCTGTAAAGGTTCTTGGTATACCTGTTTTCATAACAACATGAGTAGTCTCTTCAGTAATTAGATTAG,CCTCATGTGGTTTTATGCAGCAGATGCAAGGTATTCTGTAAAGGTTCTTGATATACCTGTTTTCATAACAACATGAGTAGTCTCTTCAGTAATTAGATTAG,0.7517,ok,0,0,0,0,0,0,0,0,0,0,0,0,0,0,0,0,0,0,0,0,0,0,0,0,0,0,0,0,0,0,0,0,0,0,0,0,0,0.0,,,1,3,pathogenic,0.3121265544150602,0.2573082158787395,0.10266102608609036,0.32790420362011025,0.32790420362011025,0.10266102608609036,0.4305652297062006,0.32790420362011025,80,True,True
87,BRCA1,rs367645566,Chr17,43067728,G,A,0,single nucleotide variant,2,intronic,0,0,CTCF; POLR2A; H2AFZ; POLR2AphosphoS5; MAX,2,uncertain-significance,0,unlabeled,0,0.0,0.0,AAACTTGTACACGAGCATCTGAAATTAAATCAAATATTCCATTATCATGAGTTACCTCTAGCACACAGCTCAGAATACTAGTTATTCCACCATGGCATATG,AAACTTGTACACGAGCATCTGAAATTAAATCAAATATTCCATTATCATGAATTACCTCTAGCACACAGCTCAGAATACTAGTTATTCCACCATGGCATATG,0.6096,ok,0,0,0,0,0,0,0,0,0,0,0,0,0,0,0,0,0,0,0,0,0,0,0,0,0,0,0,0,0,0,0,0,0,0,0,0,0,0.0,,,1,3,pathogenic,0.32506981540112556,0.263715063042683,0.09963797122864232,0.31157715032754946,0.31157715032754946,0.09963797122864232,0.4112151215561918,0.32506981540112556,87,True,True
96,BRCA1,rs80359888,Chr17,43071093,,,1,indel,7,nc_transcript,0,0,CTCF; POLR2A; H2AFZ; POLR2AphosphoS5; MAX,2,uncertain-significance,0,unlabeled,0,0.0,0.0,CCAGCAGTATCAGTAGTATGAGCAGCAGCTGGACTCTGGGCAGATTCTGCAACTTTCAATTGGGGAACTTTCAATGCAGAGGTTGAAGATGGTATGTTGCC,CCAGCAGTATCAGTAGTATGAGCAGCAGCTGGACTCTGGGCAGATTCTGCAACTTTCAATTGGGGAACTTTCAATGCAGAGGTTGAAGATGGTATGTTGCC,0.9979,no_refalt,0,0,0,0,0,0,0,0,0,0,0,0,0,0,0,0,0,0,0,0,0,0,0,0,0,0,0,0,0,0,0,0,0,0,0,0,0,0.0,,,0,3,pathogenic,0.15191009412514025,0.37234566765533245,0.05414791379921381,0.42159632442031314,0.42159632442031314,0.05414791379921381,0.47574423821952694,0.42159632442031314,96,True,True
98,BRCA1,rs80358021,Chr17,43071246,G,A,0,single nucleotide variant,2,intronic,0,0,CTCF; POLR2A; H2AFZ; POLR2AphosphoS5; MAX,2,uncertain-significance,0,unlabeled,0,0.0,0.0,TCAGAGAAGAGGCTGATTCCAGATTCCAGGTAAGGGGTTCCCTCTGAAAGGAATGGGAGAAGTTTAATTTACACAACGATGAATGTTGAATTACAAAGTTC,TCAGAGAAGAGGCTGATTCCAGATTCCAGGTAAGGGGTTCCCTCTGAAAGAAATGGGAGAAGTTTAATTTACACAACGATGAATGTTGAATTACAAAGTTC,0.7142,ok,0,0,0,0,0,0,0,0,0,0,0,0,0,0,0,0,0,0,0,0,0,0,0,0,0,0,0,0,0,0,0,0,0,0,0,0,0,0.0,,,1,3,pathogenic,0.315617608869709,0.25897998133717404,0.10183834011943946,0.32356406967367735,0.32356406967367735,0.10183834011943946,0.42540240979311683,0.32356406967367735,98,True,True
102,BRCA1,rs879255292,Chr17,43074523,,,1,indel,3,splice_region,0,0,CTCF; POLR2A; H2AFZ; POLR2AphosphoS5; MAX,2,uncertain-significance,0,unlabeled,0,0.0,0.0,GTGCATGTACCACCTATCATCTAATGATGGGCATTTAGAAGGGGATGACCTAGAAAGATAAATGGAAGGAGAAAACCATCGCCACCAATTGTGAAAGGACA,GTGCATGTACCACCTATCATCTAATGATGGGCATTTAGAAGGGGATGACCTAGAAAGATAAATGGAAGGAGAAAACCATCGCCACCAATTGTGAAAGGACA,3.421,no_refalt,0,0,0,0,0,0,0,0,0,0,0,0,0,0,0,0,0,0,0,0,0,0,0,0,0,0,0,0,0,0,0,0,0,0,0,0,0,0.0,,,0,3,pathogenic,0.05621572188307142,0.12440395185820759,0.21355550477424357,0.6058248214844775,0.6058248214844775,0.21355550477424357,0.819380326258721,0.6058248214844775,102,True,True
103,BRCA1,rs397507234,Chr17,43074529,G,A,0,single nucleotide variant,2,intronic,0,0,CTCF; POLR2A; H2AFZ; POLR2AphosphoS5; MAX,2,conflicting-interpretations-of-pathogenicity,0,unlabeled,0,0.0,0.0,GTACCACCTATCATCTAATGATGGGCATTTAGAAGGGGATGACCTAGAAAGATAAATGGAAGGAGAAAACCATCGCCACCAATTGTGAAAGGACAAATCAT,GTACCACCTATCATCTAATGATGGGCATTTAGAAGGGGATGACCTAGAAAAATAAATGGAAGGAGAAAACCATCGCCACCAATTGTGAAAGGACAAATCAT,0.2758,ok,0,0,0,0,0,0,0,0,0,0,0,0,0,0,0,0,0,0,0,0,0,0,0,0,0,0,0,0,0,0,0,0,0,0,0,0,0,0.0,,,1,3,pathogenic,0.3521282466431209,0.27925530234369716,0.09345785649262194,0.27515859452056013,0.27515859452056013,0.09345785649262194,0.3686164510131821,0.3521282466431209,103,True,True
108,BRCA1,rs879255297,Chr17,43076482,T,A,0,single nucleotide variant,2,intronic,0,0,CTCF; POLR2A; H2AFZ; POLR2AphosphoS5; MAX,2,uncertain-significance,0,unlabeled,0,0.0,0.0,TTCAATATAAATAAAGATGTCAGATACCACAGCATCTTTACATTGATGTTTCTTACCTTTCCACTCCTGGTTCTTTATTTTTACTGGTAGAACTATCTGCA,TTCAATATAAATAAAGATGTCAGATACCACAGCATCTTTACATTGATGTTACTTACCTTTCCACTCCTGGTTCTTTATTTTTACTGGTAGAACTATCTGCA,0.4213,ok,0,0,0,0,0,0,0,0,0,0,0,0,0,0,0,0,0,0,0,0,0,0,0,0,0,0,0,0,0,0,0,0,0,0,0,0,0,0.0,,,1,3,pathogenic,0.34095911710625165,0.272419105643957,0.09600419625088162,0.2906175809989096,0.2906175809989096,0.09600419625088162,0.38662177724979124,0.34095911710625165,108,True,True
116,BRCA1,rs80358180,Chr17,43082387,T,A,0,single nucleotide variant,2,intronic,0,0,CTCF; POLR2A; H2AFZ; POLR2AphosphoS5; MAX,2,conflicting-interpretations-of-pathogenicity,0,unlabeled,0,0.0,0.0,CAGAAGGAGATAAAGGGGAAGGAAAGAATTTTGCTTAAGATATCAGTGTTTGGCCAACAATACACACCTTTTTCTGATGTGCTTTGTTCTGGATTTCGCAG,CAGAAGGAGATAAAGGGGAAGGAAAGAATTTTGCTTAAGATATCAGTGTTAGGCCAACAATACACACCTTTTTCTGATGTGCTTTGTTCTGGATTTCGCAG,0.2952,ok,0,0,0,0,0,0,0,0,0,0,0,0,0,0,0,0,0,0,0,0,0,0,0,0,0,0,0,0,0,0,0,0,0,0,0,0,0,0.0,,,1,3,pathogenic,0.35070307704937836,0.2783355286025893,0.09378513927289296,0.2771762550751393,0.2771762550751393,0.09378513927289296,0.37096139434803227,0.35070307704937836,116,True,True
132,BRCA1,rs397509148,Chr17,43090941,T,A,0,single nucleotide variant,2,intronic,0,0,CTCF; POLR2A; H2AFZ; POLR2AphosphoS5; MAX,2,uncertain-significance,0,unlabeled,0,0.0,0.0,GAATGCAAAGGACACCACACACACGCATGTGCACACACACACACGCTTTTTACCTGAGTGGTTAAAATGTCACTCTGAGAGGATAGCCCTGAGCAGTCTTC,GAATGCAAAGGACACCACACACACGCATGTGCACACACACACACGCTTTTAACCTGAGTGGTTAAAATGTCACTCTGAGAGGATAGCCCTGAGCAGTCTTC,1.2021,ok,0,0,0,0,0,0,0,0,0,0,0,0,0,0,0,0,0,0,0,0,0,0,0,0,0,0,0,0,0,0,0,0,0,0,0,0,0,0.0,,,1,3,pathogenic,0.2672602839258731,0.23830859153220896,0.1139919885454458,0.38043913599647206,0.38043913599647206,0.1139919885454458,0.49443112454191784,0.38043913599647206,132,True,True
134,BRCA1,rs397509147,Chr17,43090944,,,2,deletion,7,nc_transcript,0,0,CTCF; POLR2A; H2AFZ; POLR2AphosphoS5; MAX,2,not-provided,0,unlabeled,0,0.0,0.0,TGCAAAGGACACCACACACACGCATGTGCACACACACACACGCTTTTTACCTGAGTGGTTAAAATGTCACTCTGAGAGGATAGCCCTGAGCAGTCTTCAGA,TGCAAAGGACACCACACACACGCATGTGCACACACACACACGCTTTTTACCTGAGTGGTTAAAATGTCACTCTGAGAGGATAGCCCTGAGCAGTCTTCAGA,4.7732,no_refalt,0,0,0,0,0,0,0,0,0,0,0,0,0,0,0,0,0,0,0,0,0,0,0,0,0,0,0,0,0,0,0,0,0,0,0,0,0,0.0,,,0,3,pathogenic,0.17246079088713573,0.5065184406514032,0.058550083262725316,0.2624706851987359,0.2624706851987359,0.058550083262725316,0.3210207684614612,0.5065184406514032,134,True,True
139,BRCA1,rs966550945,Chr17,43091408,G,A,0,single nucleotide variant,2,intronic,0,0,CTCF; POLR2A; H2AFZ; POLR2AphosphoS5; MAX,2,uncertain-significance,0,unlabeled,0,0.0,0.0,GTGCTCCCCAAAAGCATAAACATTTAGCTCACTTCTATAAATAGACTGGGGCAAACACAAAAACCTGGTTCCAATACCTAAGTTTGAATCCATGCTTTGCT,GTGCTCCCCAAAAGCATAAACATTTAGCTCACTTCTATAAATAGACTGGGACAAACACAAAAACCTGGTTCCAATACCTAAGTTTGAATCCATGCTTTGCT,0.2886,ok,0,0,0,0,0,0,0,0,0,0,0,0,0,0,0,0,0,0,0,0,0,0,0,0,0,0,0,0,0,0,0,0,0,0,0,0,0,0.0,,,1,3,pathogenic,0.3511992110188461,0.2786398879796195,0.09367314113541535,0.2764877598661193,0.2764877598661193,0.09367314113541535,0.37016090100153465,0.3511992110188461,139,True,True
145,BRCA1,rs80358339,Chr17,43091638,,,1,indel,2,intronic,0,0,CTCF; POLR2A; H2AFZ; POLR2AphosphoS5; MAX,2,uncertain-significance,0,unlabeled,0,0.0,0.0,GATCCTGGGTGTTTGTATTTGCAGTCAAGTCTTCCAATTCACTGCACTGTGAAGAAAACAAGCTAGCAGAACATTTTGTTTCCTCACTAAGGTGATGTTCC,GATCCTGGGTGTTTGTATTTGCAGTCAAGTCTTCCAATTCACTGCACTGTGAAGAAAACAAGCTAGCAGAACATTTTGTTTCCTCACTAAGGTGATGTTCC,6.268,no_refalt,0,0,0,0,0,0,0,0,0,0,0,0,0,0,0,0,0,0,0,0,0,0,0,0,0,0,0,0,0,0,0,0,0,0,0,0,0,0.0,,,0,3,pathogenic,0.25378252570804116,0.4236668095456516,0.14544238267598916,0.17710828207031826,0.17710828207031826,0.14544238267598916,0.32255066474630745,0.4236668095456516,145,True,True
159,BRCA1,rs878854964,Chr17,43094866,A,C,0,single nucleotide variant,2,intronic,0,0,CTCF; POLR2A; H2AFZ; POLR2AphosphoS5; MAX,2,uncertain-significance,0,unlabeled,0,0.0,0.0,GATGTTCAGTATTTGTTACATCCGTCTCAGAAAATTCACAAGCAGCTGAAAATATACAAAAATAACAAGGTACTCAAAAACTGAATTGTCATTAAAAAAAT,GATGTTCAGTATTTGTTACATCCGTCTCAGAAAATTCACAAGCAGCTGAACATATACAAAAATAACAAGGTACTCAAAAACTGAATTGTCATTAAAAAAAT,3.1788,ok,0,0,0,0,0,0,0,0,0,0,0,0,0,0,0,0,0,0,0,0,0,0,0,0,0,0,0,0,0,0,0,0,0,0,0,0,0,0.0,,,1,3,pathogenic,0.10881130486849594,0.16693563660688118,0.17368942843623095,0.5505636300883919,0.5505636300883919,0.17368942843623095,0.7242530585246229,0.5505636300883919,159,True,True
165,BRCA1,rs80358050,Chr17,43095838,G,A,0,single nucleotide variant,2,intronic,0,0,CTCF; POLR2A; H2AFZ; POLR2AphosphoS5; MAX,2,conflicting-interpretations-of-pathogenicity,0,unlabeled,0,0.0,0.0,TACTGTATCTACCCACTCTCTTTTCAGTGCCTGTTAAGTTGGCAAACTTTGCCATTACCCTTTTTTGCAGAATCCAAACTGATTTCATCCCTGGTTCCTTG,TACTGTATCTACCCACTCTCTTTTCAGTGCCTGTTAAGTTGGCAAACTTTACCATTACCCTTTTTTGCAGAATCCAAACTGATTTCATCCCTGGTTCCTTG,0.8995,ok,0,0,0,0,0,0,0,0,0,0,0,0,0,0,0,0,0,0,0,0,0,0,0,0,0,0,0,0,0,0,0,0,0,0,0,0,0,0.0,,,1,3,pathogenic,0.29794948508444125,0.25082510127627256,0.10607987006869156,0.3451455435705943,0.3451455435705943,0.10607987006869156,0.45122541363928587,0.3451455435705943,165,True,True
169,BRCA1,rs397509289,Chr17,43097289,,,1,indel,3,splice_region,0,0,CTCF; POLR2A; H2AFZ; POLR2AphosphoS5; MAX,2,not-provided,0,unlabeled,0,0.0,0.0,CTCACCTGCAATAAGTTGCCTTATTAACGGTATCTTCAGAAGAATCAGATCCTAAAAAATTTCCCCCCAAAAAATAAATCAATAAAAGTTTTCTTAATTAA,CTCACCTGCAATAAGTTGCCTTATTAACGGTATCTTCAGAAGAATCAGATCCTAAAAAATTTCCCCCCAAAAAATAAATCAATAAAAGTTTTCTTAATTAA,2.0898,no_refalt,0,0,0,0,0,0,0,0,0,0,0,0,0,0,0,0,0,0,0,0,0,0,0,0,0,0,0,0,0,0,0,0,0,0,0,0,0,0.0,,,0,3,pathogenic,0.07495524350216419,0.14848905439956117,0.2029747187824182,0.5735809833158563,0.5735809833158563,0.2029747187824182,0.7765557020982745,0.5735809833158563,169,True,True
171,BRCA1,rs755221482,Chr17,43097304,C,A,0,single nucleotide variant,2,intronic,0,0,CTCF; POLR2A; H2AFZ; POLR2AphosphoS5; MAX,2,uncertain-significance,0,unlabeled,0,0.0,0.0,TTGCCTTATTAACGGTATCTTCAGAAGAATCAGATCCTAAAAAATTTCCCCCCAAAAAATAAATCAATAAAAGTTTTCTTAATTAAAAGGGTTAAAAAAAT,TTGCCTTATTAACGGTATCTTCAGAAGAATCAGATCCTAAAAAATTTCCCACCAAAAAATAAATCAATAAAAGTTTTCTTAATTAAAAGGGTTAAAAAAAT,2.0198,ok,0,0,0,0,0,0,0,0,0,0,0,0,0,0,0,0,0,0,0,0,0,0,0,0,0,0,0,0,0,0,0,0,0,0,0,0,0,0.0,,,1,3,pathogenic,0.1890391819589283,0.20754094930876016,0.13784271381743698,0.46557715491487417,0.46557715491487417,0.13784271381743698,0.6034198687323111,0.46557715491487417,171,True,True
172,BRCA1,rs80358014,Chr17,43097306,C,A,0,single nucleotide variant,2,intronic,0,0,CTCF; POLR2A; H2AFZ; POLR2AphosphoS5; MAX,2,uncertain-significance,0,unlabeled,0,0.0,0.0,GCCTTATTAACGGTATCTTCAGAAGAATCAGATCCTAAAAAATTTCCCCCCAAAAAATAAATCAATAAAAGTTTTCTTAATTAAAAGGGTTAAAAAAATGT,GCCTTATTAACGGTATCTTCAGAAGAATCAGATCCTAAAAAATTTCCCCCAAAAAAATAAATCAATAAAAGTTTTCTTAATTAAAAGGGTTAAAAAAATGT,0.7589,ok,0,0,0,0,0,0,0,0,0,0,0,0,0,0,0,0,0,0,0,0,0,0,0,0,0,0,0,0,0,0,0,0,0,0,0,0,0,0.0,,,1,3,pathogenic,0.31147200974459477,0.25696987200416244,0.1028194482568054,0.3287386699944373,0.3287386699944373,0.1028194482568054,0.4315581182512427,0.3287386699944373,172,True,True
176,BRCA1,rs397509175,Chr17,43099878,,,1,indel,3,splice_region,0,0,CTCF; POLR2A; H2AFZ; POLR2AphosphoS5; MAX,2,uncertain-significance,0,unlabeled,0,0.0,0.0,AGAGTTCTCACAGTTCCAAGGTTAGAGAGTTGGACACTGAGACTGGTTTCCTGCTAAACAGTATGGTAAAGAACAGTCAAGCAATTGTTGGCCAGTTCTGT,AGAGTTCTCACAGTTCCAAGGTTAGAGAGTTGGACACTGAGACTGGTTTCCTGCTAAACAGTATGGTAAAGAACAGTCAAGCAATTGTTGGCCAGTTCTGT,1.8873,no_refalt,0,0,0,0,0,0,0,0,0,0,0,0,0,0,0,0,0,0,0,0,0,0,0,0,0,0,0,0,0,0,0,0,0,0,0,0,0,0.0,,,0,3,pathogenic,0.07825490313584542,0.15246478109743408,0.20207260836673485,0.5672077073999856,0.5672077073999856,0.20207260836673485,0.7692803157667205,0.5672077073999856,176,True,True
177,BRCA1,rs8176139,Chr17,43099883,A,C,0,single nucleotide variant,2,intronic,0,0,CTCF; POLR2A; H2AFZ; POLR2AphosphoS5; MAX,2,uncertain-significance,0,unlabeled,0,0.0,0.0,TCTCACAGTTCCAAGGTTAGAGAGTTGGACACTGAGACTGGTTTCCTGCTAAACAGTATGGTAAAGAACAGTCAAGCAATTGTTGGCCAGTTCTGTGCTTT,TCTCACAGTTCCAAGGTTAGAGAGTTGGACACTGAGACTGGTTTCCTGCTCAACAGTATGGTAAAGAACAGTCAAGCAATTGTTGGCCAGTTCTGTGCTTT,3.8942,ok,0,0,0,0,0,0,0,0,0,0,0,0,0,0,0,0,0,0,0,0,0,0,0,0,0,0,0,0,0,0,0,0,0,0,0,0,0,0.0,,,1,3,pathogenic,0.07639502822198174,0.1426812604989293,0.188588717559898,0.5923349937191907,0.5923349937191907,0.188588717559898,0.7809237112790888,0.5923349937191907,177,True,True
182,BRCA1,rs879255286,Chr17,43104268,A,T,0,single nucleotide variant,2,intronic,0,0,CTCF; POLR2A; H2AFZ; POLR2AphosphoS5; MAX,2,uncertain-significance,0,unlabeled,0,0.0,0.0,AGGAGAGTTATTTTCCTTTTTTGCAAAATTATAGCTGTTTGCATCTGTAAAATACAAGGGAAAACATTATGTTTGCAGTTAGAGAAAAATGTATGAATTAT,AGGAGAGTTATTTTCCTTTTTTGCAAAATTATAGCTGTTTGCATCTGTAATATACAAGGGAAAACATTATGTTTGCAGTTAGAGAAAAATGTATGAATTAT,1.3223,ok,0,0,0,0,0,0,0,0,0,0,0,0,0,0,0,0,0,0,0,0,0,0,0,0,0,0,0,0,0,0,0,0,0,0,0,0,0,0.0,,,1,3,pathogenic,0.2558638199894492,0.23342490866328933,0.11664108091158183,0.39407019043567904,0.39407019043567904,0.11664108091158183,0.5107112713472609,0.39407019043567904,182,True,True
183,BRCA1,rs571713225,Chr17,43104722,T,G,0,single nucleotide variant,2,intronic,0,0,CTCF; POLR2A; H2AFZ; POLR2AphosphoS5; MAX,2,uncertain-significance,0,unlabeled,0,0.0,0.0,AATGTGCACCTTACGATTGATAAAATAAGGTGTGAGACCAGTGGGAGTAATTTTTTAAAAATAGATTACAGATACAGAACTAAAATTAACCTAGACTAAAA,AATGTGCACCTTACGATTGATAAAATAAGGTGTGAGACCAGTGGGAGTAAGTTTTTAAAAATAGATTACAGATACAGAACTAAAATTAACCTAGACTAAAA,0.2807,ok,0,0,0,0,0,0,0,0,0,0,0,0,0,0,0,0,0,0,0,0,0,0,0,0,0,0,0,0,0,0,0,0,0,0,0,0,0,0.0,,,1,3,pathogenic,0.35179234061598447,0.27900241078148796,0.09353958107756052,0.27566566752496696,0.27566566752496696,0.09353958107756052,0.36920524860252746,0.35179234061598447,183,True,True
185,BRCA1,rs80358101,Chr17,43104860,A,C,0,single nucleotide variant,2,intronic,0,0,CTCF; POLR2A; H2AFZ; POLR2AphosphoS5; MAX,2,not-provided,0,unlabeled,0,0.0,0.0,CTTCCTGAGTTTTCATGGACAGCACTTGAGTGTCATTCTTGGGATATTCAACACTTACACTCCAAACCTGTGTCAAGCTGAAAAGCACAAATGATTTTCAA,CTTCCTGAGTTTTCATGGACAGCACTTGAGTGTCATTCTTGGGATATTCACCACTTACACTCCAAACCTGTGTCAAGCTGAAAAGCACAAATGATTTTCAA,1.4825,ok,0,0,0,0,0,0,0,0,0,0,0,0,0,0,0,0,0,0,0,0,0,0,0,0,0,0,0,0,0,0,0,0,0,0,0,0,0,0.0,,,1,3,pathogenic,0.23979807196126512,0.2271924092875741,0.12117602871842575,0.4118334900327348,0.4118334900327348,0.12117602871842575,0.5330095187511605,0.4118334900327348,185,True,True
187,BRCA1,rs753859240,Chr17,43104862,A,C,0,single nucleotide variant,2,intronic,0,0,CTCF; POLR2A; H2AFZ; POLR2AphosphoS5; MAX,2,uncertain-significance,0,unlabeled,0,0.0,0.0,TCCTGAGTTTTCATGGACAGCACTTGAGTGTCATTCTTGGGATATTCAACACTTACACTCCAAACCTGTGTCAAGCTGAAAAGCACAAATGATTTTCAATA,TCCTGAGTTTTCATGGACAGCACTTGAGTGTCATTCTTGGGATATTCAACCCTTACACTCCAAACCTGTGTCAAGCTGAAAAGCACAAATGATTTTCAATA,5.4884,ok,0,0,0,0,0,0,0,0,0,0,0,0,0,0,0,0,0,0,0,0,0,0,0,0,0,0,0,0,0,0,0,0,0,0,0,0,0,0.0,,,1,3,pathogenic,0.032947216272755514,0.0954530487771997,0.19691263618066995,0.6746870987693749,0.6746870987693749,0.19691263618066995,0.8715997349500448,0.6746870987693749,187,True,True
194,BRCA1,rs80358174,Chr17,43106446,A,C,0,single nucleotide variant,2,intronic,0,0,CTCF; POLR2A; H2AFZ; POLR2AphosphoS5; MAX,2,uncertain-significance,0,unlabeled,0,0.0,0.0,AATTTCTACTTTTTCCTACTGTGGTTGCTTCCAACCTAGCATCATTACCAAATTATATACCTTTTGGTTATATCATTCTTACATAAAGGACACTGTGAAGG,AATTTCTACTTTTTCCTACTGTGGTTGCTTCCAACCTAGCATCATTACCACATTATATACCTTTTGGTTATATCATTCTTACATAAAGGACACTGTGAAGG,0.5791,ok,0,0,0,0,0,0,0,0,0,0,0,0,0,0,0,0,0,0,0,0,0,0,0,0,0,0,0,0,0,0,0,0,0,0,0,0,0,0.0,,,1,3,pathogenic,0.32777390094431735,0.2650855099393816,0.09902002449344162,0.3081205646228593,0.3081205646228593,0.09902002449344162,0.4071405891163009,0.32777390094431735,194,True,True
199,BRCA1,rs397508859,Chr17,43106539,A,C,0,single nucleotide variant,2,intronic,0,0,CTCF; POLR2A; H2AFZ; POLR2AphosphoS5; MAX,2,uncertain-significance,0,unlabeled,0,0.0,0.0,TGTGAAGGCCCTTTCTTCTGGTTGAGAAGTTTCAGCATGCAAAATCTATAAATTATAAAGAAAGAAAGAACAATTTAATTTACTTCCTTTTGTAGAAAGAA,TGTGAAGGCCCTTTCTTCTGGTTGAGAAGTTTCAGCATGCAAAATCTATACATTATAAAGAAAGAAAGAACAATTTAATTTACTTCCTTTTGTAGAAAGAA,2.576,ok,0,0,0,0,0,0,0,0,0,0,0,0,0,0,0,0,0,0,0,0,0,0,0,0,0,0,0,0,0,0,0,0,0,0,0,0,0,0.0,,,1,3,pathogenic,0.14539041881383977,0.18799349066318502,0.1559221211845287,0.5106939693384462,0.5106939693384462,0.1559221211845287,0.666616090522975,0.5106939693384462,199,True,True
224,BRCA1,rs397509324,Chr17,43124015,,,1,indel,3,splice_region,0,0,CTCF; POLR2A; H2AFZ; POLR2AphosphoS5; MAX,2,uncertain-significance,0,unlabeled,0,0.0,0.0,ATAGGAGATAATCATAGGAATCCCAAATTAATACACTCTTGTGCTGACTTACCAGATGGGACACTCTAAGATTTTCTGCATAGCATTAATGACATTTTGTA,ATAGGAGATAATCATAGGAATCCCAAATTAATACACTCTTGTGCTGACTTACCAGATGGGACACTCTAAGATTTTCTGCATAGCATTAATGACATTTTGTA,4.151,no_refalt,0,0,0,0,0,0,0,0,0,0,0,0,0,0,0,0,0,0,0,0,0,0,0,0,0,0,0,0,0,0,0,0,0,0,0,0,0,0.0,,,0,3,pathogenic,0.04805511746521972,0.11247558467168227,0.22296265278609473,0.6165066450770036,0.6165066450770036,0.22296265278609473,0.8394692978630983,0.6165066450770036,224,True,True
226,BRCA1,rs397509315,Chr17,43124017,,,1,indel,1,5_prime_UTR,0,0,CTCF; POLR2A; H2AFZ; POLR2AphosphoS5; MAX,2,uncertain-significance,0,unlabeled,0,0.0,0.0,AGGAGATAATCATAGGAATCCCAAATTAATACACTCTTGTGCTGACTTACCAGATGGGACACTCTAAGATTTTCTGCATAGCATTAATGACATTTTGTACT,AGGAGATAATCATAGGAATCCCAAATTAATACACTCTTGTGCTGACTTACCAGATGGGACACTCTAAGATTTTCTGCATAGCATTAATGACATTTTGTACT,3.5209,no_refalt,0,0,0,0,0,0,0,0,0,0,0,0,0,0,0,0,0,0,0,0,0,0,0,0,0,0,0,0,0,0,0,0,0,0,0,0,0,0.0,,,0,3,pathogenic,0.13465850150714437,0.11703079671661049,0.24597211098023491,0.5023385907960104,0.5023385907960104,0.24597211098023491,0.7483107017762454,0.5023385907960104,226,True,True
227,BRCA1,rs273900720,Chr17,43124099,C,A,0,single nucleotide variant,1,5_prime_UTR,0,0,CTCF; POLR2A; H2AFZ; POLR2AphosphoS5; MAX,2,uncertain-significance,0,unlabeled,0,0.0,0.0,ATTAATGACATTTTGTACTTCTTCAACGCGAAGAGCAGATAAATCCATTTCTTTCTGTTCCAATGAACTTTAACACATTAGAAAAACATATATATATATCT,ATTAATGACATTTTGTACTTCTTCAACGCGAAGAGCAGATAAATCCATTTATTTCTGTTCCAATGAACTTTAACACATTAGAAAAACATATATATATATCT,0.1815,ok,0,0,0,0,0,0,0,0,0,0,0,0,0,0,0,0,0,0,0,0,0,0,0,0,0,0,0,0,0,0,0,0,0,0,0,0,0,0.0,,,1,3,pathogenic,0.2321438728216155,0.4086235986177774,0.1498795118334358,0.20935301672717127,0.20935301672717127,0.1498795118334358,0.35923252856060706,0.4086235986177774,227,True,True
228,BRCA1,rs273898669,Chr17,43124118,T,A,0,single nucleotide variant,4,upstream,0,0,CTCF; POLR2A; H2AFZ; POLR2AphosphoS5; MAX,2,uncertain-significance,0,unlabeled,0,0.0,0.0,TCTTCAACGCGAAGAGCAGATAAATCCATTTCTTTCTGTTCCAATGAACTTTAACACATTAGAAAAACATATATATATATCTTTTTAAAAGGTTTATAAAA,TCTTCAACGCGAAGAGCAGATAAATCCATTTCTTTCTGTTCCAATGAACTATAACACATTAGAAAAACATATATATATATCTTTTTAAAAGGTTTATAAAA,2.0717,ok,0,0,0,0,0,0,0,0,0,0,0,0,0,0,0,0,0,0,0,0,0,0,0,0,0,0,0,0,0,0,0,0,0,0,0,0,0,0.0,,,1,3,pathogenic,0.3026020836511956,0.3467928550981535,0.08481521472934926,0.2657898465213011,0.2657898465213011,0.08481521472934926,0.3506050612506504,0.3467928550981535,228,True,True
261,BRCA2,rs138705202,Chr13,32316446,A,C,0,single nucleotide variant,1,5_prime_UTR,0,1,POLR2A; CTCF; POLR2AphosphoS5; H2AFZ; MAX,2,conflicting-interpretations-of-pathogenicity,0,unlabeled,0,0.0,38.8698,GTGCATTTTGGTCTTCTGTTTTGCAGACTTATTTACCAAGCATTGGAGGAATATCGTAGGTAAAAATGCCTATTGGATCCAAAGAGAGGCCAACATTTTTT,GTGCATTTTGGTCTTCTGTTTTGCAGACTTATTTACCAAGCATTGGAGGACTATCGTAGGTAAAAATGCCTATTGGATCCAAAGAGAGGCCAACATTTTTT,4.1611,ok,0,0,0,0,0,0,0,0,0,0,0,0,0,0,0,0,0,0,0,0,0,0,0,0,0,0,0,0,0,0,0,0,0,0,0,0,0,0.0,,,1,3,pathogenic,0.16394643597187106,0.5385759960803382,0.039360521125344834,0.25811704682244546,0.25811704682244546,0.039360521125344834,0.2974775679477903,0.5385759960803382,261,True,True
273,BRCA2,rs276174878,Chr13,32319061,,,1,indel,2,intronic,0,0,POLR2A; CTCF; POLR2AphosphoS5; H2AFZ; MAX,2,conflicting-interpretations-of-pathogenicity,0,unlabeled,0,0.0,0.0,ACTGTTCTGGGTCACAAATTTGTCTGTCACTGGTTAAAACTAAGGTGGGATTTTTTTTTTAAATAGATTTAGGACCAATAAGTCTTAATTGGTTTGAAGAA,ACTGTTCTGGGTCACAAATTTGTCTGTCACTGGTTAAAACTAAGGTGGGATTTTTTTTTTAAATAGATTTAGGACCAATAAGTCTTAATTGGTTTGAAGAA,0.5926,no_refalt,0,0,0,0,0,0,0,0,0,0,0,0,0,0,0,0,0,0,0,0,0,0,0,0,0,0,0,0,0,0,0,0,0,0,0,0,0,0.0,,,0,3,pathogenic,0.16821716664374187,0.4030114789803288,0.018790503875154508,0.4099808505007747,0.4099808505007747,0.018790503875154508,0.4287713543759292,0.4099808505007747,273,True,True
274,BRCA2,rs397507883,Chr13,32319068,T,C,0,single nucleotide variant,2,intronic,0,0,POLR2A; CTCF; POLR2AphosphoS5; H2AFZ; MAX,2,not-provided,0,unlabeled,0,0.0,0.0,TGGGTCACAAATTTGTCTGTCACTGGTTAAAACTAAGGTGGGATTTTTTTTTTAAATAGATTTAGGACCAATAAGTCTTAATTGGTTTGAAGAACTTTCTT,TGGGTCACAAATTTGTCTGTCACTGGTTAAAACTAAGGTGGGATTTTTTTCTTAAATAGATTTAGGACCAATAAGTCTTAATTGGTTTGAAGAACTTTCTT,1.3597,ok,0,0,0,0,0,0,0,0,0,0,0,0,0,0,0,0,0,0,0,0,0,0,0,0,0,0,0,0,0,0,0,0,0,0,0,0,0,0.0,,,1,3,pathogenic,0.33419850980794114,0.4391597320209674,0.02797004440346602,0.19867171376762538,0.19867171376762538,0.02797004440346602,0.2266417581710914,0.4391597320209674,274,True,True
278,BRCA2,rs81002900,Chr13,32319331,T,C,0,single nucleotide variant,2,intronic,0,0,POLR2A; CTCF; POLR2AphosphoS5; H2AFZ; MAX,2,uncertain-significance,0,unlabeled,0,0.0,0.0,ACCAATCTCCTGTAAAAGAATTAGATAAATTCAAATTAGACTTAGGTAAGTAATGCAATATGGTAGACTGGGGAGAACTACAAACTAGGAATTTAGGCAAA,ACCAATCTCCTGTAAAAGAATTAGATAAATTCAAATTAGACTTAGGTAAGCAATGCAATATGGTAGACTGGGGAGAACTACAAACTAGGAATTTAGGCAAA,4.3184,ok,0,0,0,0,0,0,0,0,0,0,0,0,0,0,0,0,0,0,0,0,0,0,0,0,0,0,0,0,0,0,0,0,0,0,0,0,0,0.0,,,1,3,pathogenic,0.04261796589175756,0.03619664293684471,0.047294580131438516,0.8738908110399596,0.8738908110399596,0.047294580131438516,0.9211853911713981,0.8738908110399596,278,True,True
295,BRCA2,rs276174844,Chr13,32326086,,,1,indel,2,intronic,0,0,POLR2A; CTCF; POLR2AphosphoS5; H2AFZ; MAX,2,uncertain-significance,0,unlabeled,0,0.0,0.0,TAAGATAAACTAGTTTTTGCCAGTTTTTTAAAATAACCTAAGGGATTTGCTTTGTTTTATTTTAGTCCTGTTGTTCTACAATGTACACATGTAACACCACA,TAAGATAAACTAGTTTTTGCCAGTTTTTTAAAATAACCTAAGGGATTTGCTTTGTTTTATTTTAGTCCTGTTGTTCTACAATGTACACATGTAACACCACA,1.0402,no_refalt,0,0,0,0,0,0,0,0,0,0,0,0,0,0,0,0,0,0,0,0,0,0,0,0,0,0,0,0,0,0,0,0,0,0,0,0,0,0.0,,,0,3,pathogenic,0.14518912706983247,0.31545816306363944,0.02333614631826724,0.5160165635482609,0.5160165635482609,0.02333614631826724,0.5393527098665281,0.5160165635482609,295,True,True
299,BRCA2,rs276174849,Chr13,32326227,,,1,indel,2,intronic,0,0,POLR2A; CTCF; POLR2AphosphoS5; H2AFZ; MAX,2,conflicting-interpretations-of-pathogenicity,0,unlabeled,0,0.0,0.0,TCTTAGAATACTAGAAATGTTAATAAAAATAAAACTTAACAATTTTCCCCTTTTTTTACCCCCAGTGGTATGTGGGAGTTTGTTTCATACACCAAAGTTTG,TCTTAGAATACTAGAAATGTTAATAAAAATAAAACTTAACAATTTTCCCCTTTTTTTACCCCCAGTGGTATGTGGGAGTTTGTTTCATACACCAAAGTTTG,0.0381,no_refalt,0,0,0,0,0,0,0,0,0,0,0,0,0,0,0,0,0,0,0,0,0,0,0,0,0,0,0,0,0,0,0,0,0,0,0,0,0,0.0,,,0,3,pathogenic,0.19015776329562495,0.5085734458148122,0.014124975231643635,0.2871438156579194,0.2871438156579194,0.014124975231643635,0.30126879088956304,0.5085734458148122,299,True,True
309,BRCA2,rs81002828,Chr13,32326488,T,C,0,single nucleotide variant,2,intronic,0,0,POLR2A; CTCF; POLR2AphosphoS5; H2AFZ; MAX,2,conflicting-interpretations-of-pathogenicity,0,unlabeled,0,0.0,0.0,AATAATATCCTTAATGATCAGGGCATTTCTATAAAAAATAAACTATTTTCTTTCCTCCCAGGGTCGTCAGACACCAAAACATATTTCTGAAAGTCTAGGAG,AATAATATCCTTAATGATCAGGGCATTTCTATAAAAAATAAACTATTTTCCTTCCTCCCAGGGTCGTCAGACACCAAAACATATTTCTGAAAGTCTAGGAG,1.5413,ok,0,0,0,0,0,0,0,0,0,0,0,0,0,0,0,0,0,0,0,0,0,0,0,0,0,0,0,0,0,0,0,0,0,0,0,0,0,0.0,,,1,3,pathogenic,0.3187971001692379,0.40880961469331767,0.030295915758086687,0.24209736937935786,0.24209736937935786,0.030295915758086687,0.27239328513744454,0.40880961469331767,309,True,True
319,BRCA2,rs276174870,Chr13,32329424,,,1,indel,2,intronic,0,0,POLR2A; CTCF; POLR2AphosphoS5; H2AFZ; MAX,2,uncertain-significance,0,unlabeled,0,0.0,0.0,TGTCTGACAAAAAATAAGTTTTTGCATTCTAGTGATAATATACAATACACATAAATTTTTATCTTACAGTCAGAAATGAAGAAGCATCTGAAACTGTATTT,TGTCTGACAAAAAATAAGTTTTTGCATTCTAGTGATAATATACAATACACATAAATTTTTATCTTACAGTCAGAAATGAAGAAGCATCTGAAACTGTATTT,-0.9337,no_refalt,0,0,0,0,0,0,0,0,0,0,0,0,0,0,0,0,0,0,0,0,0,0,0,0,0,0,0,0,0,0,0,0,0,0,0,0,0,0.0,,,0,3,pathogenic,0.21609636153806658,0.640667341244963,0.009052374186118543,0.13418392303085158,0.13418392303085158,0.009052374186118543,0.14323629721697012,0.640667341244963,319,True,True
326,BRCA2,rs276174879,Chr13,32330905,,,1,indel,2,intronic,0,0,POLR2A; CTCF; POLR2AphosphoS5; H2AFZ; MAX,2,conflicting-interpretations-of-pathogenicity,0,unlabeled,0,0.0,0.0,GGACTACTACTATATGTGCATTGAGAGTTTTTATACTAGTGATTTTAAACTATAATTTTTGCAGAATGTGAAAAGCTATTTTTCCAATCATGATGAAAGTC,GGACTACTACTATATGTGCATTGAGAGTTTTTATACTAGTGATTTTAAACTATAATTTTTGCAGAATGTGAAAAGCTATTTTTCCAATCATGATGAAAGTC,0.2992,no_refalt,0,0,0,0,0,0,0,0,0,0,0,0,0,0,0,0,0,0,0,0,0,0,0,0,0,0,0,0,0,0,0,0,0,0,0,0,0,0.0,,,0,3,pathogenic,0.18103670631637303,0.4601093211031019,0.016150697618745546,0.34270327496177977,0.34270327496177977,0.016150697618745546,0.3588539725805253,0.4601093211031019,326,True,True
331,BRCA2,rs276174816,Chr13,32333399,T,TTT,1,indel,2,intronic,0,0,POLR2A; CTCF; POLR2AphosphoS5; H2AFZ; MAX,2,conflicting-interpretations-of-pathogenicity,0,unlabeled,0,0.0,0.0,CTTTTGAAGCACCACTTACATTTGCAAATGCTGATTCAGGTACCTCTGTCTTTTTTTTTTTGTAAATAGTACATATAGTTTTATAGATGACGATTCCTTCT,CTTTTGAAGCACCACTTACATTTGCAAATGCTGATTCAGGTACCTCTGTCTTTTTTTTTTTTTGTAAATAGTACATATAGTTTTATAGATGACGATTCCTT,0.5567,indel_padded,0,0,0,0,0,0,0,0,0,0,0,0,0,0,0,0,0,0,0,0,0,0,0,0,0,0,0,0,0,0,0,0,0,0,0,0,0,0.0,,,0,3,pathogenic,0.2311972641580424,0.6015335558491895,0.013400145026709716,0.1538690349660583,0.1538690349660583,0.013400145026709716,0.16726917999276802,0.6015335558491895,331,True,True
335,BRCA2,rs81002864,Chr13,32336248,T,C,0,single nucleotide variant,2,intronic,0,0,POLR2A; CTCF; POLR2AphosphoS5; H2AFZ; MAX,2,uncertain-significance,0,unlabeled,0,0.0,0.0,GTGAAAAATATTTAGTGAATGTGATTGATGGTACTTTAATTTTGTCACTTTGTGTTTTTATGTTTAGGTTTATTGCATTCTTCTGTGAAAAGAAGCTGTTC,GTGAAAAATATTTAGTGAATGTGATTGATGGTACTTTAATTTTGTCACTTCGTGTTTTTATGTTTAGGTTTATTGCATTCTTCTGTGAAAAGAAGCTGTTC,2.6287,ok,0,0,0,0,0,0,0,0,0,0,0,0,0,0,0,0,0,0,0,0,0,0,0,0,0,0,0,0,0,0,0,0,0,0,0,0,0,0.0,,,1,3,pathogenic,0.18699859751700385,0.19321712040535635,0.04461880439272305,0.5751654776849165,0.5751654776849165,0.04461880439272305,0.6197842820776396,0.5751654776849165,335,True,True
337,BRCA2,rs276174882,Chr13,32341201,,,1,indel,2,intronic,0,0,POLR2A; CTCF; POLR2AphosphoS5; H2AFZ; MAX,2,uncertain-significance,0,unlabeled,0,0.0,0.0,AATTCAAGAATTGGAAAAAGAAGAGGAGAGCCCCTTATCTTAGTGGGTAAGTGTTCATTTTTACCTTTCGTGTTGCCAATCACTATTTTTAAAGTGTTTAT,AATTCAAGAATTGGAAAAAGAAGAGGAGAGCCCCTTATCTTAGTGGGTAAGTGTTCATTTTTACCTTTCGTGTTGCCAATCACTATTTTTAAAGTGTTTAT,4.0327,no_refalt,0,0,0,0,0,0,0,0,0,0,0,0,0,0,0,0,0,0,0,0,0,0,0,0,0,0,0,0,0,0,0,0,0,0,0,0,0,0.0,,,0,3,pathogenic,0.0363262156120764,0.044820885933367714,0.05631227349586489,0.8625406249586907,0.8625406249586907,0.05631227349586489,0.9188528984545555,0.8625406249586907,337,True,True
343,BRCA2,rs276174884,Chr13,32344535,,,1,indel,2,intronic,0,0,POLR2A; CTCF; POLR2AphosphoS5; H2AFZ; MAX,2,uncertain-significance,0,unlabeled,0,0.0,0.0,TGGTCTATAGACTTTTGAGAAATAAAACTGATATTATTTGCCTTAAAAACATATATGAAATATTTCTTTTTAGGAGAACCCTCAATCAAAAGAAACTTATT,TGGTCTATAGACTTTTGAGAAATAAAACTGATATTATTTGCCTTAAAAACATATATGAAATATTTCTTTTTAGGAGAACCCTCAATCAAAAGAAACTTATT,-0.3632,no_refalt,0,0,0,0,0,0,0,0,0,0,0,0,0,0,0,0,0,0,0,0,0,0,0,0,0,0,0,0,0,0,0,0,0,0,0,0,0,0.0,,,0,3,pathogenic,0.2026774788565004,0.5727564104734822,0.011519080496958472,0.2130470301730584,0.2130470301730584,0.011519080496958472,0.22456611067001686,0.5727564104734822,343,True,True
346,BRCA2,rs81002821,Chr13,32344544,A,G,0,single nucleotide variant,2,intronic,0,0,POLR2A; CTCF; POLR2AphosphoS5; H2AFZ; MAX,2,uncertain-significance,0,unlabeled,0,0.0,0.0,GACTTTTGAGAAATAAAACTGATATTATTTGCCTTAAAAACATATATGAAATATTTCTTTTTAGGAGAACCCTCAATCAAAAGAAACTTATTAAATGAATT,GACTTTTGAGAAATAAAACTGATATTATTTGCCTTAAAAACATATATGAAGTATTTCTTTTTAGGAGAACCCTCAATCAAAAGAAACTTATTAAATGAATT,1.7128,ok,0,0,0,0,0,0,0,0,0,0,0,0,0,0,0,0,0,0,0,0,0,0,0,0,0,0,0,0,0,0,0,0,0,0,0,0,0,0.0,,,1,3,pathogenic,0.30393572617349557,0.37536560777137734,0.03238806215500499,0.28831060390012214,0.28831060390012214,0.03238806215500499,0.32069866605512715,0.37536560777137734,346,True,True
372,BRCA2,rs81002903,Chr13,32354841,A,G,0,single nucleotide variant,2,intronic,0,0,POLR2A; CTCF; POLR2AphosphoS5; H2AFZ; MAX,2,uncertain-significance,0,unlabeled,0,0.0,0.0,ACAAAGGCATATTCCTAAATATTTATATGTGTACTAGTCAATAAACTTATATATTTTCTCCCCATTGCAGCACAACTAAGGAACGTCAAGAGATACAGAAT,ACAAAGGCATATTCCTAAATATTTATATGTGTACTAGTCAATAAACTTATGTATTTTCTCCCCATTGCAGCACAACTAAGGAACGTCAAGAGATACAGAAT,1.4245,ok,0,0,0,0,0,0,0,0,0,0,0,0,0,0,0,0,0,0,0,0,0,0,0,0,0,0,0,0,0,0,0,0,0,0,0,0,0,0.0,,,1,3,pathogenic,0.3289526324678403,0.4287823435751192,0.028776723823184813,0.2134883001338556,0.2134883001338556,0.028776723823184813,0.24226502395704042,0.4287823435751192,372,True,True
380,BRCA2,rs81002904,Chr13,32356424,A,G,0,single nucleotide variant,2,intronic,0,0,POLR2A; CTCF; POLR2AphosphoS5; H2AFZ; MAX,2,uncertain-significance,0,unlabeled,0,0.0,0.0,GTTGTGCTTTTTAAATTTCAATTTTATTTTTGCTAAGTATTTATTCTTTGATAGATTTAATTACAAGTCTTCAGAATGCCAGAGATATACAGGATATGCGA,GTTGTGCTTTTTAAATTTCAATTTTATTTTTGCTAAGTATTTATTCTTTGGTAGATTTAATTACAAGTCTTCAGAATGCCAGAGATATACAGGATATGCGA,1.4605,ok,0,0,0,0,0,0,0,0,0,0,0,0,0,0,0,0,0,0,0,0,0,0,0,0,0,0,0,0,0,0,0,0,0,0,0,0,0,0.0,,,1,3,pathogenic,0.32591873020039924,0.42279699318562447,0.02923638941270886,0.22204788720126722,0.22204788720126722,0.02923638941270886,0.25128427661397607,0.42279699318562447,380,True,True
383,BRCA2,rs276174894,Chr13,32357624,,,1,indel,2,intronic,0,0,POLR2A; CTCF; POLR2AphosphoS5; H2AFZ; MAX,2,uncertain-significance,0,unlabeled,0,0.0,0.0,AAATTTTTAGTTTCTAGTAAATAACTTAAATGTTTTTGTAGTGAAGATTCTAGTAGTTAATGAAAATTTTTGGTAAATTCAGTTTTGGTTTGTTATAATTG,AAATTTTTAGTTTCTAGTAAATAACTTAAATGTTTTTGTAGTGAAGATTCTAGTAGTTAATGAAAATTTTTGGTAAATTCAGTTTTGGTTTGTTATAATTG,2.4512,no_refalt,0,0,0,0,0,0,0,0,0,0,0,0,0,0,0,0,0,0,0,0,0,0,0,0,0,0,0,0,0,0,0,0,0,0,0,0,0,0.0,,,0,3,pathogenic,0.07280504900032136,0.11454630905978734,0.03914034659527862,0.7735082953446129,0.7735082953446129,0.03914034659527862,0.8126486419398915,0.7735082953446129,383,True,True
418,BRCA2,rs1135401926,Chr13,32370393,T,A,0,single nucleotide variant,2,intronic,0,0,POLR2A; CTCF; POLR2AphosphoS5; H2AFZ; MAX,2,uncertain-significance,0,unlabeled,0,0.0,0.0,TGTAATAGAATTGAATACATATTTAACTACTAAATCAATATATTTATTAATTTGTCCAGATTTCTGCTAACAGTACTCGGCCTGCTCGCTGGTATACCAAA,TGTAATAGAATTGAATACATATTTAACTACTAAATCAATATATTTATTAAATTGTCCAGATTTCTGCTAACAGTACTCGGCCTGCTCGCTGGTATACCAAA,2.1353,ok,0,0,0,0,0,0,0,0,0,0,0,0,0,0,0,0,0,0,0,0,0,0,0,0,0,0,0,0,0,0,0,0,0,0,0,0,0,0.0,,,1,3,pathogenic,0.2533211042623905,0.2900450127027805,0.038653489230452066,0.41798039380437674,0.41798039380437674,0.038653489230452066,0.4566338830348288,0.41798039380437674,418,True,True
450,BRCA2,rs797045414,Chr13,32379520,,,2,deletion,2,intronic,0,0,POLR2A; CTCF; POLR2AphosphoS5; H2AFZ; MAX,2,uncertain-significance,0,unlabeled,0,0.0,0.0,TGGAAGTTGCGTATTGTAAGCTATTCAAAAAAAGAAAAAGATTCAGGTAAGTATGTAAATGCTTTGTTTTTATCAGTTTTATTAACTTAAAAAATGACCTT,TGGAAGTTGCGTATTGTAAGCTATTCAAAAAAAGAAAAAGATTCAGGTAAGTATGTAAATGCTTTGTTTTTATCAGTTTTATTAACTTAAAAAATGACCTT,5.4154,no_refalt,0,0,0,0,0,0,0,0,0,0,0,0,0,0,0,0,0,0,0,0,0,0,0,0,0,0,0,0,0,0,0,0,0,0,0,0,0,0.0,,,0,3,pathogenic,0.03935931515302139,0.056706435457135405,0.07457983343473702,0.8293544159551062,0.8293544159551062,0.07457983343473702,0.9039342493898432,0.8293544159551062,450,True,True
451,BRCA2,rs397508023,Chr13,32379520,G,A,0,single nucleotide variant,2,intronic,0,0,POLR2A; CTCF; POLR2AphosphoS5; H2AFZ; MAX,2,uncertain-significance,0,unlabeled,0,0.0,0.0,TGGAAGTTGCGTATTGTAAGCTATTCAAAAAAAGAAAAAGATTCAGGTAAGTATGTAAATGCTTTGTTTTTATCAGTTTTATTAACTTAAAAAATGACCTT,TGGAAGTTGCGTATTGTAAGCTATTCAAAAAAAGAAAAAGATTCAGGTAAATATGTAAATGCTTTGTTTTTATCAGTTTTATTAACTTAAAAAATGACCTT,5.4154,ok,0,0,0,0,0,0,0,0,0,0,0,0,0,0,0,0,0,0,0,0,0,0,0,0,0,0,0,0,0,0,0,0,1,0,0,0,1,0.0,,FOXM1,1,3,pathogenic,0.1524764740264526,0.38907572099303606,0.054513465907919285,0.403934339072592,0.403934339072592,0.054513465907919285,0.4584478049805113,0.403934339072592,451,True,True
453,BRCA2,rs201726150,Chr13,32379549,T,C,0,single nucleotide variant,2,intronic,0,0,POLR2A; CTCF; POLR2AphosphoS5; H2AFZ; MAX,2,uncertain-significance,0,unlabeled,0,0.0,0.0,AAAAGAAAAAGATTCAGGTAAGTATGTAAATGCTTTGTTTTTATCAGTTTTATTAACTTAAAAAATGACCTTACTAACAAAATGATTATAAATCCAGATAA,AAAAGAAAAAGATTCAGGTAAGTATGTAAATGCTTTGTTTTTATCAGTTTCATTAACTTAAAAAATGACCTTACTAACAAAATGATTATAAATCCAGATAA,1.8174,ok,0,0,0,0,0,0,0,0,0,0,0,0,0,0,0,0,0,0,0,0,0,0,0,0,0,0,0,0,0,0,0,0,0,0,0,0,0,0.0,,,1,3,pathogenic,0.29112984810346576,0.35612884427149333,0.03412067066450286,0.31862063696053805,0.31862063696053805,0.03412067066450286,0.3527413076250409,0.35612884427149333,453,True,True
479,BRCA2,rs276174919,Chr13,32394672,T,TTT,1,indel,2,intronic,0,0,POLR2A; CTCF; POLR2AphosphoS5; H2AFZ; MAX,2,conflicting-interpretations-of-pathogenicity,0,unlabeled,0,0.0,0.0,TTTCTTGCATCTTAAAATTCATCTAACACATCTATAATAACATTCTTTTCTTTTTTTTCCATTCTAGGACTTGCCCCTTTCGTCTATTTGTCAGACGAATG,TTTCTTGCATCTTAAAATTCATCTAACACATCTATAATAACATTCTTTTCTTTTTTTTTTCCATTCTAGGACTTGCCCCTTTCGTCTATTTGTCAGACGAA,0.4525,indel_padded,0,0,0,0,0,0,0,0,0,0,0,0,0,0,0,0,0,0,0,0,0,0,0,0,0,0,0,0,0,0,0,0,0,0,0,0,0,0.0,,,0,3,pathogenic,0.23351321224417024,0.6105910803581107,0.01283760427878833,0.14305810311893066,0.14305810311893066,0.01283760427878833,0.155895707397719,0.6105910803581107,479,True,True
482,BRCA2,rs61757642,Chr13,32394936,A,T,0,single nucleotide variant,2,intronic,0,0,POLR2A; CTCF; POLR2AphosphoS5; H2AFZ; MAX,2,conflicting-interpretations-of-pathogenicity,0,unlabeled,0,0.0,0.0,GAGGGCCACTTTCAAGAGACATTCAACAAAATGAAAAATACTGTTGAGGTAAGGTTACTTTTCAGCATCACCACACATTTTGGTATTTTTCTATTTTGACA,GAGGGCCACTTTCAAGAGACATTCAACAAAATGAAAAATACTGTTGAGGTTAGGTTACTTTTCAGCATCACCACACATTTTGGTATTTTTCTATTTTGACA,2.0265,ok,0,0,0,0,0,0,0,0,0,0,0,0,0,0,0,0,0,0,0,0,0,0,0,0,0,0,0,0,0,0,0,0,0,0,0,0,0,0.0,,,1,3,pathogenic,0.2670105907204474,0.3127758641051951,0.03712777958783274,0.38308576558652474,0.38308576558652474,0.03712777958783274,0.4202135451743575,0.38308576558652474,482,True,True
483,BRCA2,rs81002848,Chr13,32394937,A,G,0,single nucleotide variant,2,intronic,0,0,POLR2A; CTCF; POLR2AphosphoS5; H2AFZ; MAX,2,uncertain-significance,0,unlabeled,0,0.0,0.0,AGGGCCACTTTCAAGAGACATTCAACAAAATGAAAAATACTGTTGAGGTAAGGTTACTTTTCAGCATCACCACACATTTTGGTATTTTTCTATTTTGACAG,AGGGCCACTTTCAAGAGACATTCAACAAAATGAAAAATACTGTTGAGGTAGGGTTACTTTTCAGCATCACCACACATTTTGGTATTTTTCTATTTTGACAG,5.423,ok,0,0,0,0,0,0,0,0,0,0,0,0,0,0,0,0,0,0,0,0,0,0,0,0,0,0,0,0,0,0,0,0,0,0,0,0,0,0.0,,,1,3,pathogenic,0.018516287371749325,0.017134777268576543,0.04252136647851917,0.9218275688811551,0.9218275688811551,0.04252136647851917,0.9643489353596743,0.9218275688811551,483,True,True
491,BRCA2,rs81002803,Chr13,32396886,T,C,0,single nucleotide variant,2,intronic,0,0,POLR2A; CTCF; POLR2AphosphoS5; H2AFZ; MAX,2,conflicting-interpretations-of-pathogenicity,0,unlabeled,0,0.0,0.0,TTTGGAAACATAAATATGTGGGTTTGCAATTTATAAAGCAGCTTTTCCACTTATTTTCTTAGAATATTGACATACTTTGCAATGAAGCAGAAAACAAGCTT,TTTGGAAACATAAATATGTGGGTTTGCAATTTATAAAGCAGCTTTTCCACCTATTTTCTTAGAATATTGACATACTTTGCAATGAAGCAGAAAACAAGCTT,1.4324,ok,0,0,0,0,0,0,0,0,0,0,0,0,0,0,0,0,0,0,0,0,0,0,0,0,0,0,0,0,0,0,0,0,0,0,0,0,0,0.0,,,1,3,pathogenic,0.32832183251292774,0.4274555516554046,0.0288770760685326,0.21534553976313528,0.21534553976313528,0.0288770760685326,0.24422261583166788,0.4274555516554046,491,True,True
498,BRCA2,rs81002857,Chr13,32398154,T,C,0,single nucleotide variant,2,intronic,0,0,POLR2A; CTCF; POLR2AphosphoS5; H2AFZ; MAX,2,uncertain-significance,0,unlabeled,0,0.0,0.0,TTTAGTTTTTTATGTTACTACATAATTATGATAGGCTACGTTTTCATTTTTTTATCAGATGTCTTCTCCTAATTGTGAGATATATTATCAAAGTCCTTTAT,TTTAGTTTTTTATGTTACTACATAATTATGATAGGCTACGTTTTCATTTTCTTATCAGATGTCTTCTCCTAATTGTGAGATATATTATCAAAGTCCTTTAT,2.0385,ok,0,0,0,0,0,0,0,0,0,0,0,0,0,0,0,0,0,0,0,0,0,0,0,0,0,0,0,0,0,0,0,0,0,0,0,0,0,0.0,,,1,3,pathogenic,0.2655352706646859,0.31026576493448604,0.03729784927541672,0.38690111512541125,0.38690111512541125,0.03729784927541672,0.424198964400828,0.38690111512541125,498,True,True
538,PALB2,rs1567206733,Chr16,23607858,A,C,0,single nucleotide variant,2,intronic,0,0,POLR2A; H2AFZ; POLR2AphosphoS5; MAX; TAF1,2,uncertain-significance,0,unlabeled,0,0.0,0.0,TTGCACAGTGCCTTTCAGAATGTCCCACCCATAGAGTAGCAGTTATGCACACTTGCCTGCCAGCCTGCCCTGGAGGAAGACAGTACAGCATCACACCCACG,TTGCACAGTGCCTTTCAGAATGTCCCACCCATAGAGTAGCAGTTATGCACCCTTGCCTGCCAGCCTGCCCTGGAGGAAGACAGTACAGCATCACACCCACG,4.2169,ok,0,0,0,0,0,0,0,0,0,0,0,0,0,0,0,0,0,0,0,0,0,0,0,0,0,0,0,0,0,0,0,0,0,0,0,0,0,0.0,,,1,3,pathogenic,0.061600308249751254,0.5219766621135525,0.12095775550331421,0.29546527413338225,0.29546527413338225,0.12095775550331421,0.4164230296366965,0.5219766621135525,538,True,True
589,PALB2,rs1567209787,Chr16,23613998,A,G,0,single nucleotide variant,2,intronic,0,0,POLR2A; H2AFZ; POLR2AphosphoS5; MAX; TAF1,2,uncertain-significance,0,unlabeled,0,0.0,0.0,TCACTTAATGAGACCAACAGTAACACACAAAGTGGTCCCAGCCAGTCATTACTTACCATTTCAGAATAGGCTTTGTGACAGACTGAAGCTTGGTAAGAATC,TCACTTAATGAGACCAACAGTAACACACAAAGTGGTCCCAGCCAGTCATTGCTTACCATTTCAGAATAGGCTTTGTGACAGACTGAAGCTTGGTAAGAATC,3.0839,ok,0,0,0,0,0,0,0,0,0,0,0,0,0,0,0,0,0,0,0,0,0,0,0,0,0,0,0,0,0,0,0,0,0,0,0,0,0,0.0,,,1,3,pathogenic,0.08419417340358924,0.7029887659894402,0.06938532981237956,0.1434317307945908,0.1434317307945908,0.06938532981237956,0.21281706060697037,0.7029887659894402,589,True,True
599,PALB2,rs753307725,Chr16,23614096,G,A,0,single nucleotide variant,2,intronic,0,0,POLR2A; H2AFZ; POLR2AphosphoS5; MAX; TAF1,2,conflicting-interpretations-of-pathogenicity,0,unlabeled,0,0.0,0.0,ATCATCAATGTGCATCTTTTTCAGGAGTTGACCAGTTTTTAAATTCCTTAGATAACAAAAATAAATAAGCTGATCACATTCTTCCAACAAACCAGTTTTCA,ATCATCAATGTGCATCTTTTTCAGGAGTTGACCAGTTTTTAAATTCCTTAAATAACAAAAATAAATAAGCTGATCACATTCTTCCAACAAACCAGTTTTCA,3.0839,ok,0,0,0,0,0,0,0,0,0,0,0,0,0,0,0,0,0,0,0,0,0,0,0,0,0,0,0,0,0,0,0,0,0,0,0,0,0,0.0,,,1,3,pathogenic,0.08419420694603662,0.7029887225454985,0.06938533262345384,0.14343173788501096,0.14343173788501096,0.06938533262345384,0.2128170705084648,0.7029887225454985,599,True,True
606,PALB2,rs2142300467,Chr16,23614106,A,C,0,single nucleotide variant,2,intronic,0,0,POLR2A; H2AFZ; POLR2AphosphoS5; MAX; TAF1,2,uncertain-significance,0,unlabeled,0,0.0,0.0,TGCATCTTTTTCAGGAGTTGACCAGTTTTTAAATTCCTTAGATAACAAAAATAAATAAGCTGATCACATTCTTCCAACAAACCAGTTTTCAGAAAATATTT,TGCATCTTTTTCAGGAGTTGACCAGTTTTTAAATTCCTTAGATAACAAAACTAAATAAGCTGATCACATTCTTCCAACAAACCAGTTTTCAGAAAATATTT,3.9565,ok,0,0,0,0,0,0,0,0,0,0,0,0,0,0,0,0,0,0,0,0,0,0,0,0,0,0,0,0,0,0,0,0,0,0,0,0,0,0.0,,,1,3,pathogenic,0.0670378118496015,0.5708795580359463,0.10853531239740764,0.2535473177170444,0.2535473177170444,0.10853531239740764,0.3620826301144521,0.5708795580359463,606,True,True
668,PALB2,rs2142334123,Chr16,23622965,T,A,0,single nucleotide variant,2,intronic,0,0,POLR2A; H2AFZ; POLR2AphosphoS5; MAX; TAF1,2,uncertain-significance,0,unlabeled,0,0.0,0.0,GTGATAAAATCATTCTTCATCTAATAGTTAAAAATCAATCAATGCTTTTCTTACCCTCCATCTTCTGCAAACGTCATGACTTCTACTTGTTGATCAGAAAG,GTGATAAAATCATTCTTCATCTAATAGTTAAAAATCAATCAATGCTTTTCATACCCTCCATCTTCTGCAAACGTCATGACTTCTACTTGTTGATCAGAAAG,4.7199,ok,0,0,0,0,0,0,0,0,0,0,0,0,0,0,0,0,0,0,0,0,0,0,0,0,0,0,0,0,0,0,0,0,0,0,0,0,0,0.0,,,1,3,pathogenic,0.05097467822943186,0.42094101550583723,0.1433142628933736,0.3847700433713574,0.3847700433713574,0.1433142628933736,0.528084306264731,0.42094101550583723,668,True,True
779,PALB2,rs957106428,Chr16,23629278,G,A,0,single nucleotide variant,2,intronic,0,0,POLR2A; H2AFZ; POLR2AphosphoS5; MAX; TAF1,2,uncertain-significance,0,unlabeled,0,0.0,0.0,GTTGCCTGGGTTTATGCTATCAGAAGCAGGAAGCTCTGCTGTTTCAGTCTGTGAAAACAAAAGTCACATCATTAGTCTACACTTTATGTATAATGTCTGCC,GTTGCCTGGGTTTATGCTATCAGAAGCAGGAAGCTCTGCTGTTTCAGTCTATGAAAACAAAAGTCACATCATTAGTCTACACTTTATGTATAATGTCTGCC,4.9729,ok,0,0,0,0,0,0,0,0,0,0,0,0,0,0,0,0,0,0,0,0,0,0,0,0,0,0,0,0,0,0,0,0,0,0,0,0,0,0.0,,,1,3,pathogenic,0.04569150299924997,0.36963855723718875,0.15290050098550712,0.43176943877805424,0.43176943877805424,0.15290050098550712,0.5846699397635613,0.43176943877805424,779,True,True
815,PALB2,rs515726088,Chr16,23629637,T,A,0,single nucleotide variant,2,intronic,0,0,POLR2A; H2AFZ; POLR2AphosphoS5; MAX; TAF1,2,conflicting-interpretations-of-pathogenicity,0,unlabeled,0,0.0,0.0,ACTAAGGCATTTCATTCCTTCAGAGAAAATTTCACAGAGGAAATGGATTGTACCTGTTCGACGGAATGTTTATGCAGCTCCTGGCATGTGTTTCTACAGAG,ACTAAGGCATTTCATTCCTTCAGAGAAAATTTCACAGAGGAAATGGATTGAACCTGTTCGACGGAATGTTTATGCAGCTCCTGGCATGTGTTTCTACAGAG,3.2302,ok,0,0,0,0,0,0,0,0,0,0,0,0,0,0,0,0,0,0,0,0,0,0,0,0,0,0,0,0,0,0,0,0,0,0,0,0,0,0.0,,,1,3,pathogenic,0.08147490224277505,0.6846558207263295,0.07537083184389635,0.15849844518699926,0.15849844518699926,0.07537083184389635,0.2338692770308956,0.6846558207263295,815,True,True
845,PALB2,rs368593832,Chr16,23634821,TCA,TCATCA,1,indel,2,intronic,0,0,POLR2A; H2AFZ; POLR2AphosphoS5; MAX; TAF1,2,uncertain-significance,0,unlabeled,0,0.0,0.0,TTTAGAAAAGAAAGAAAAGGAAGTGCCAGGCAAATAGTAATTGTTAACTTTCATCATCATCATCATCATCATCAAACACATCTTGATTTACCTTTCACTTG,TTTAGAAAAGAAAGAAAAGGAAGTGCCAGGCAAATAGTAATTGTTAACTTTCATCATCATCATCATCATCATCATCAAACACATCTTGATTTACCTTTCAC,0.1527,indel_padded,0,0,0,0,0,0,0,0,0,0,0,0,0,0,0,0,0,0,0,0,0,0,0,0,0,0,0,0,0,0,0,0,0,0,0,0,0,0.0,,,0,3,pathogenic,0.22072170711395317,0.3395096618338096,0.029361943425603186,0.41040668762663396,0.41040668762663396,0.029361943425603186,0.4397686310522371,0.41040668762663396,845,True,True
857,PALB2,rs1567222088,Chr16,23635655,,,1,indel,1,5_prime_UTR,0,0,POLR2A; H2AFZ; POLR2AphosphoS5; MAX; TAF1,2,uncertain-significance,0,unlabeled,0,0.0,0.0,TGGCCACTTTTACTTATAGCTTTATTTACAAGGAGGTTATCTGTAGAGACAGTCATTTTTTTGCCTTGTGCCTCCAAACTTACAGGTGAAGTAAATCTAAT,TGGCCACTTTTACTTATAGCTTTATTTACAAGGAGGTTATCTGTAGAGACAGTCATTTTTTTGCCTTGTGCCTCCAAACTTACAGGTGAAGTAAATCTAAT,0.534,no_refalt,0,0,0,0,0,0,0,0,0,0,0,0,0,0,0,0,0,0,0,0,0,0,0,0,0,0,0,0,0,0,0,0,0,0,0,0,0,0.0,,,0,3,pathogenic,0.10552425360341953,0.45953587959909314,0.1273966777385475,0.3075431890589395,0.3075431890589395,0.1273966777385475,0.434939866797487,0.45953587959909314,857,True,True
859,PALB2,rs2142433594,Chr16,23635723,,,1,indel,1,5_prime_UTR,0,0,POLR2A; H2AFZ; POLR2AphosphoS5; MAX; TAF1,2,uncertain-significance,0,unlabeled,0,0.0,0.0,TGCCTCCAAACTTACAGGTGAAGTAAATCTAATGTTTTTTAGGTCGTGAGTAGTAAGTTCACTGCTACCTTTAGGAGGAATGTGTTCAAGGTGCTGACTAC,TGCCTCCAAACTTACAGGTGAAGTAAATCTAATGTTTTTTAGGTCGTGAGTAGTAAGTTCACTGCTACCTTTAGGAGGAATGTGTTCAAGGTGCTGACTAC,-2.8927,no_refalt,0,0,0,0,0,0,0,0,0,0,0,0,0,0,0,0,0,0,0,0,0,0,0,0,0,0,0,0,0,0,0,0,0,0,0,0,0,0.0,,,0,3,pathogenic,0.10509665932003337,0.7267916125782279,0.03221170646046891,0.13590002164127013,0.13590002164127013,0.03221170646046891,0.16811172810173905,0.7267916125782279,859,True,True
860,PALB2,rs1567222475,Chr16,23635829,,,1,indel,1,5_prime_UTR,0,0,POLR2A; H2AFZ; POLR2AphosphoS5; MAX; TAF1,2,uncertain-significance,0,unlabeled,0,0.0,0.0,CTATCTGATAGAGTCTGTAAAGGAACTGTAGTCGCCCTGGTGAAATTAGGTCTTCTTAGGAATGTATCAACACCTTTTTCTGGTTGGGCAGTTGGTGGAAT,CTATCTGATAGAGTCTGTAAAGGAACTGTAGTCGCCCTGGTGAAATTAGGTCTTCTTAGGAATGTATCAACACCTTTTTCTGGTTGGGCAGTTGGTGGAAT,0.534,no_refalt,0,0,0,0,0,0,0,0,0,0,0,0,0,0,0,0,0,0,0,0,0,0,0,0,0,0,0,0,0,0,0,0,0,0,0,0,0,0.0,,,0,3,pathogenic,0.10552430059420953,0.4595358838724459,0.127396665557585,0.3075431499757595,0.3075431499757595,0.127396665557585,0.4349398155333445,0.4595358838724459,860,True,True
861,PALB2,rs1400223274,Chr16,23635880,,,1,indel,1,5_prime_UTR,0,0,POLR2A; H2AFZ; POLR2AphosphoS5; MAX; TAF1,2,uncertain-significance,0,unlabeled,0,0.0,0.0,CTTCTTAGGAATGTATCAACACCTTTTTCTGGTTGGGCAGTTGGTGGAATTAATACACTGTCTTCATTAATTTCTGTAACTGGTTCTGGAGAATCTGGAAG,CTTCTTAGGAATGTATCAACACCTTTTTCTGGTTGGGCAGTTGGTGGAATTAATACACTGTCTTCATTAATTTCTGTAACTGGTTCTGGAGAATCTGGAAG,-0.445,no_refalt,0,0,0,0,0,0,0,0,0,0,0,0,0,0,0,0,0,0,0,0,0,0,0,0,0,0,0,0,0,0,0,0,0,0,0,0,0,0.0,,,0,3,pathogenic,0.10578179862659297,0.5600601158752742,0.08668285357004307,0.2474752319280901,0.2474752319280901,0.08668285357004307,0.3341580854981332,0.5600601158752742,861,True,True
862,PALB2,rs1597099229,Chr16,23636093,,,1,indel,1,5_prime_UTR,0,0,POLR2A; H2AFZ; POLR2AphosphoS5; MAX; TAF1,2,uncertain-significance,0,unlabeled,0,0.0,0.0,GAATCAGTGCCAAAGACACAGTCTCTCTCCTGTGAAATAAATGTCCTCTTCTGCTGCTTCTTTCTTCTGCTTGGCAGCTTCTGCTTTTGCTCACCACTAGG,GAATCAGTGCCAAAGACACAGTCTCTCTCCTGTGAAATAAATGTCCTCTTCTGCTGCTTCTTTCTTCTGCTTGGCAGCTTCTGCTTTTGCTCACCACTAGG,-0.1513,no_refalt,0,0,0,0,0,0,0,0,0,0,0,0,0,0,0,0,0,0,0,0,0,0,0,0,0,0,0,0,0,0,0,0,0,0,0,0,0,0.0,,,0,3,pathogenic,0.10580714032680676,0.5315034136656994,0.09756805004913309,0.2651213959583608,0.2651213959583608,0.09756805004913309,0.3626894460074939,0.5315034136656994,862,True,True
863,PALB2,rs1555461795,Chr16,23636099,,,1,indel,1,5_prime_UTR,0,0,POLR2A; H2AFZ; POLR2AphosphoS5; MAX; TAF1,2,uncertain-significance,0,unlabeled,0,0.0,0.0,GTGCCAAAGACACAGTCTCTCTCCTGTGAAATAAATGTCCTCTTCTGCTGCTTCTTTCTTCTGCTTGGCAGCTTCTGCTTTTGCTCACCACTAGGGTCACT,GTGCCAAAGACACAGTCTCTCTCCTGTGAAATAAATGTCCTCTTCTGCTGCTTCTTTCTTCTGCTTGGCAGCTTCTGCTTTTGCTCACCACTAGGGTCACT,0.4361,no_refalt,0,0,0,0,0,0,0,0,0,0,0,0,0,0,0,0,0,0,0,0,0,0,0,0,0,0,0,0,0,0,0,0,0,0,0,0,0,0.0,,,0,3,pathogenic,0.10560259777102979,0.47016667876174895,0.12275019939013859,0.30148052407708276,0.30148052407708276,0.12275019939013859,0.42423072346722135,0.47016667876174895,863,True,True
864,PALB2,rs760629975,Chr16,23636104,,,1,indel,1,5_prime_UTR,0,0,POLR2A; H2AFZ; POLR2AphosphoS5; MAX; TAF1,2,uncertain-significance,0,unlabeled,0,0.0,0.0,AAAGACACAGTCTCTCTCCTGTGAAATAAATGTCCTCTTCTGCTGCTTCTTTCTTCTGCTTGGCAGCTTCTGCTTTTGCTCACCACTAGGGTCACTGACCC,AAAGACACAGTCTCTCTCCTGTGAAATAAATGTCCTCTTCTGCTGCTTCTTTCTTCTGCTTGGCAGCTTCTGCTTTTGCTCACCACTAGGGTCACTGACCC,1.2194,no_refalt,0,0,0,0,0,0,0,0,0,0,0,0,0,0,0,0,0,0,0,0,0,0,0,0,0,0,0,0,0,0,0,0,0,0,0,0,0,0.0,,,0,3,pathogenic,0.10451489470089585,0.38384418224401573,0.16351604606280504,0.3481248769922834,0.3481248769922834,0.16351604606280504,0.5116409230550885,0.38384418224401573,864,True,True
908,PALB2,rs876660197,Chr16,23637899,,,1,indel,1,5_prime_UTR,0,0,POLR2A; H2AFZ; POLR2AphosphoS5; MAX; TAF1,2,uncertain-significance,0,unlabeled,0,0.0,0.0,CCTGAGTGTTTTAGCTGCGGTGAGAGATCCTGCTGAGACAAACAATCTTGTTCTTCTACTGTTTTCTTAATAGAATGCTTAATCTTTTCAGCTCTTTGGGC,CCTGAGTGTTTTAGCTGCGGTGAGAGATCCTGCTGAGACAAACAATCTTGTTCTTCTACTGTTTTCTTAATAGAATGCTTAATCTTTTCAGCTCTTTGGGC,-0.446,no_refalt,0,0,0,0,0,0,0,0,0,0,0,0,0,0,0,0,0,0,0,0,0,0,0,0,0,0,0,0,0,0,0,0,0,0,0,0,0,0.0,,,0,3,pathogenic,0.10578214881366521,0.560154335403279,0.08664767401678712,0.24741584176626874,0.24741584176626874,0.08664767401678712,0.3340635157830559,0.560154335403279,908,True,True
909,PALB2,rs2506535060,Chr16,23637904,,,1,indel,1,5_prime_UTR,0,0,POLR2A; H2AFZ; POLR2AphosphoS5; MAX; TAF1,2,uncertain-significance,0,unlabeled,0,0.0,0.0,GTGTTTTAGCTGCGGTGAGAGATCCTGCTGAGACAAACAATCTTGTTCTTCTACTGTTTTCTTAATAGAATGCTTAATCTTTTCAGCTCTTTGGGCACGCT,GTGTTTTAGCTGCGGTGAGAGATCCTGCTGAGACAAACAATCTTGTTCTTCTACTGTTTTCTTAATAGAATGCTTAATCTTTTCAGCTCTTTGGGCACGCT,1.6087,no_refalt,0,0,0,0,0,0,0,0,0,0,0,0,0,0,0,0,0,0,0,0,0,0,0,0,0,0,0,0,0,0,0,0,0,0,0,0,0,0.0,,,0,3,pathogenic,0.1035356941567449,0.3413610871247646,0.18678775266239706,0.3683154660560931,0.3683154660560931,0.18678775266239706,0.5551032187184901,0.3683154660560931,909,True,True
910,PALB2,rs1967103032,Chr16,23637912,,,1,indel,1,5_prime_UTR,0,0,POLR2A; H2AFZ; POLR2AphosphoS5; MAX; TAF1,2,uncertain-significance,0,unlabeled,0,0.0,0.0,GCTGCGGTGAGAGATCCTGCTGAGACAAACAATCTTGTTCTTCTACTGTTTTCTTAATAGAATGCTTAATCTTTTCAGCTCTTTGGGCACGCTAGAGGAGA,GCTGCGGTGAGAGATCCTGCTGAGACAAACAATCTTGTTCTTCTACTGTTTTCTTAATAGAATGCTTAATCTTTTCAGCTCTTTGGGCACGCTAGAGGAGA,1.0334,no_refalt,0,0,0,0,0,0,0,0,0,0,0,0,0,0,0,0,0,0,0,0,0,0,0,0,0,0,0,0,0,0,0,0,0,0,0,0,0,0.0,,,0,3,pathogenic,0.10487572925499881,0.4044370328942752,0.1530967415878079,0.3375904962629183,0.3375904962629183,0.1530967415878079,0.4906872378507262,0.4044370328942752,910,True,True
930,PALB2,rs2142459504,Chr16,23638058,,,1,indel,1,5_prime_UTR,0,0,POLR2A; H2AFZ; POLR2AphosphoS5; MAX; TAF1,2,uncertain-significance,0,unlabeled,0,0.0,0.0,CAAGAACTGTTTTTAAATTGTTTGTACTATAACACCTTAATTTGAGAATACGATTCACTTACCTGAAGGCGGGCTAGTGTCTTGCTGTATTCCCTTTTCAA,CAAGAACTGTTTTTAAATTGTTTGTACTATAACACCTTAATTTGAGAATACGATTCACTTACCTGAAGGCGGGCTAGTGTCTTGCTGTATTCCCTTTTCAA,0.0471,no_refalt,0,0,0,0,0,0,0,0,0,0,0,0,0,0,0,0,0,0,0,0,0,0,0,0,0,0,0,0,0,0,0,0,0,0,0,0,0,0.0,,,0,3,pathogenic,0.10578305439141067,0.5113432426718201,0.10555904645343626,0.27731465648333276,0.27731465648333276,0.10555904645343626,0.38287370293676903,0.5113432426718201,930,True,True
1128,STK11,rs1555737481,Chr19,1218503,A,C,0,single nucleotide variant,2,intronic,0,0,CTCF; POLR2A; POLR2AphosphoS5; H2AFZ; TAF1,2,uncertain-significance,0,unlabeled,0,0.0,0.0,TGTCATCCAGCTGGTGGATGTGTTATACAACGAAGAGAAGCAGAAAATATATCCTTTCCGGTGTTGGGACCGCGGGGCCTCCGTGGGAGGGGCTGGGGCCC,TGTCATCCAGCTGGTGGATGTGTTATACAACGAAGAGAAGCAGAAAATATCTCCTTTCCGGTGTTGGGACCGCGGGGCCTCCGTGGGAGGGGCTGGGGCCC,9.0036,ok,0,0,0,0,0,0,0,0,0,0,0,0,0,0,0,0,0,0,0,0,0,0,0,0,0,0,0,0,0,0,0,0,0,0,0,0,0,0.0,,,1,3,pathogenic,0.02724210383359267,0.5015274442960553,0.07060605823956088,0.4006243936307914,0.4006243936307914,0.07060605823956088,0.4712304518703523,0.5015274442960553,1128,True,True
1130,STK11,rs2145420888,Chr19,1218505,C,A,0,single nucleotide variant,2,intronic,0,0,CTCF; POLR2A; POLR2AphosphoS5; H2AFZ; TAF1,2,uncertain-significance,0,unlabeled,0,0.0,0.0,TCATCCAGCTGGTGGATGTGTTATACAACGAAGAGAAGCAGAAAATATATCCTTTCCGGTGTTGGGACCGCGGGGCCTCCGTGGGAGGGGCTGGGGCCCTG,TCATCCAGCTGGTGGATGTGTTATACAACGAAGAGAAGCAGAAAATATATACTTTCCGGTGTTGGGACCGCGGGGCCTCCGTGGGAGGGGCTGGGGCCCTG,7.648,ok,0,0,0,0,0,0,0,0,0,0,0,0,0,0,0,0,0,0,0,0,0,0,0,0,0,0,0,0,0,0,0,0,0,0,0,0,0,0.0,,,1,3,pathogenic,0.03672142640585204,0.6533366505581573,0.04986269333040424,0.2600792297055865,0.2600792297055865,0.04986269333040424,0.3099419230359907,0.6533366505581573,1130,True,True
1159,STK11,rs773615399,Chr19,1219313,T,C,0,single nucleotide variant,2,intronic,0,0,CTCF; POLR2A; POLR2AphosphoS5; H2AFZ; TAF1,2,uncertain-significance,0,unlabeled,0,0.0,0.0,CCGTGCTCCCTGGGCCTGTGAGTGGGGCCGCCCCCTGAGCTGTGTGTCCTTAGCGCCCCACGTATATGGTGATGGAGTACTGCGTGTGTGGCATGCAGGAA,CCGTGCTCCCTGGGCCTGTGAGTGGGGCCGCCCCCTGAGCTGTGTGTCCTCAGCGCCCCACGTATATGGTGATGGAGTACTGCGTGTGTGGCATGCAGGAA,6.4816,ok,0,0,0,0,0,0,0,0,0,0,0,0,0,0,0,0,0,0,0,0,0,0,0,0,0,0,0,0,0,0,0,0,0,0,0,0,0,0.0,,,1,3,pathogenic,0.04548649418395267,0.7501967318707269,0.035695495471430555,0.16862127847388947,0.16862127847388947,0.035695495471430555,0.20431677394532002,0.7501967318707269,1159,True,True
1172,STK11,rs587781681,Chr19,1219418,G,A,0,single nucleotide variant,2,intronic,0,0,CTCF; POLR2A; POLR2AphosphoS5; H2AFZ; TAF1,2,conflicting-interpretations-of-pathogenicity,0,unlabeled,0,0.0,0.0,TGGACAGCGTGCCGGAGAAGCGTTTCCCAGTGTGCCAGGCCCACGGGTGCGTGCGCGGGGCAGGGGCCAGGGTGGGGCGGGGGCCGGGGGCCAGGCAGGGC,TGGACAGCGTGCCGGAGAAGCGTTTCCCAGTGTGCCAGGCCCACGGGTGCATGCGCGGGGCAGGGGCCAGGGTGGGGCGGGGGCCGGGGGCCAGGCAGGGC,9.0271,ok,0,0,0,0,0,0,0,0,0,0,0,0,0,0,0,0,0,0,0,0,0,0,0,0,0,0,0,0,0,0,0,0,0,0,0,0,0,0.0,,,1,3,pathogenic,0.027088177490556926,0.4987053286173376,0.07098311541742985,0.40322337847467554,0.40322337847467554,0.07098311541742985,0.4742064938921054,0.4987053286173376,1172,True,True
1317,STK11,rs2080783109,Chr19,1221345,G,A,0,single nucleotide variant,2,intronic,0,0,CTCF; POLR2A; POLR2AphosphoS5; H2AFZ; TAF1,2,uncertain-significance,0,unlabeled,0,0.0,0.0,GCCATCCCGGGCGACTGTGGCCCCCCGCTCTCTGACCTGCTGAAAGGTGGGAGCCTCATCCCTCTGCCCGCAGCCCCAGGGAGGCGGGGCTTTTGTGCAGA,GCCATCCCGGGCGACTGTGGCCCCCCGCTCTCTGACCTGCTGAAAGGTGGAAGCCTCATCCCTCTGCCCGCAGCCCCAGGGAGGCGGGGCTTTTGTGCAGA,8.0712,ok,0,0,0,0,0,0,0,0,0,0,0,0,0,0,0,0,0,0,0,0,0,0,0,0,0,0,0,0,0,0,0,0,0,0,0,0,0,0.0,,,1,3,pathogenic,0.03366279496305039,0.609358515932987,0.05598555536980589,0.3009931337341566,0.3009931337341566,0.05598555536980589,0.35697868910396247,0.609358515932987,1317,True,True
1361,STK11,rs587780013,Chr19,1222011,G,A,0,single nucleotide variant,2,intronic,0,0,CTCF; POLR2A; POLR2AphosphoS5; H2AFZ; TAF1,2,conflicting-interpretations-of-pathogenicity,0,unlabeled,0,0.0,0.0,ACGAACCGGCCAAGAGGTTCTCCATCCGGCAGATCCGGCAGCACAGGTGAGCGGCCCCTGGGGGCAGTGGGGCCGAGGCTGCAGGGAGGCCGGCCATGTGG,ACGAACCGGCCAAGAGGTTCTCCATCCGGCAGATCCGGCAGCACAGGTGAACGGCCCCTGGGGGCAGTGGGGCCGAGGCTGCAGGGAGGCCGGCCATGTGG,6.6649,ok,0,0,0,0,0,0,0,0,0,0,0,0,0,0,0,0,0,0,0,0,0,0,0,0,0,0,0,0,0,0,0,0,0,0,0,0,0,0.0,,,1,3,pathogenic,0.044075287048374004,0.7375008696768242,0.03764358627609847,0.18078025699870354,0.18078025699870354,0.03764358627609847,0.21842384327480202,0.7375008696768242,1361,True,True
1572,TP53,rs1199379236,Chr17,7669600,,,1,indel,0,3_prime_UTR,0,0,CTCF; POLR2A; H2AFZ; POLR2AphosphoS5; MAX,2,uncertain-significance,0,unlabeled,0,0.0,0.0,GCAGGGGAGGGAGAGATGGGGGTGGGAGGCTGTCAGTGGGGAACAAGAAGTGGAGAATGTCAGTCTGAGTCAGGCCCTTCTGTCTTGAACATGAGTTTTTT,GCAGGGGAGGGAGAGATGGGGGTGGGAGGCTGTCAGTGGGGAACAAGAAGTGGAGAATGTCAGTCTGAGTCAGGCCCTTCTGTCTTGAACATGAGTTTTTT,-0.9323,no_refalt,0,0,0,0,0,0,0,0,0,0,0,0,0,0,0,0,0,0,0,0,0,0,0,0,0,0,0,0,0,0,0,0,0,0,0,0,0,0.0,,,0,3,pathogenic,0.12497679571808898,0.4342733371814035,0.06815427371020148,0.3725955933903057,0.3725955933903057,0.06815427371020148,0.4407498671005072,0.4342733371814035,1572,True,True
1574,TP53,rs1597345782,Chr17,7669685,,,1,indel,0,3_prime_UTR,0,0,CTCF; POLR2A; H2AFZ; POLR2AphosphoS5; MAX,2,uncertain-significance,0,unlabeled,0,0.0,0.0,TGAACATGAGTTTTTTATGGCGGGAGGTAGACTGACCCTTTTTGGACTTCAGGTGGCTGTAGGAGACAGAAGCAGGGAGGAGAGATGACATCACATGAGTG,TGAACATGAGTTTTTTATGGCGGGAGGTAGACTGACCCTTTTTGGACTTCAGGTGGCTGTAGGAGACAGAAGCAGGGAGGAGAGATGACATCACATGAGTG,0.2921,no_refalt,0,0,0,0,0,0,0,0,0,0,0,0,0,0,0,0,0,0,0,0,0,0,0,0,0,0,0,0,0,0,0,0,0,0,0,0,0,0.0,,,0,3,pathogenic,0.10194484952745246,0.38297295029137907,0.11612376582795007,0.39895843435321865,0.39895843435321865,0.11612376582795007,0.5150822001811687,0.39895843435321865,1574,True,True
1603,TP53,rs2543474337,Chr17,7670703,,,1,indel,0,3_prime_UTR,0,0,CTCF; POLR2A; H2AFZ; POLR2AphosphoS5; MAX,2,uncertain-significance,0,unlabeled,0,0.0,0.0,ATCCTTGAGTTCCAAGGCCTCATTCAGCTCTCGGAACATCTCGAAGCGCTCACGCCCACGGATCTGCAGCAACAGAGGAGGGGGAGAAGTAAGTATATACA,ATCCTTGAGTTCCAAGGCCTCATTCAGCTCTCGGAACATCTCGAAGCGCTCACGCCCACGGATCTGCAGCAACAGAGGAGGGGGAGAAGTAAGTATATACA,0.8853,no_refalt,0,0,0,0,0,0,0,0,0,0,0,0,0,0,0,0,0,0,0,0,0,0,0,0,0,0,0,0,0,0,0,0,0,0,0,0,0,0.0,,,0,3,pathogenic,0.09183173528586876,0.3573464639454959,0.1529436722599675,0.39787812850866805,0.39787812850866805,0.1529436722599675,0.5508218007686355,0.39787812850866805,1603,True,True
1833,TP53,rs2073384612,Chr17,7675149,,,1,indel,1,5_prime_UTR,0,0,CTCF; POLR2A; H2AFZ; POLR2AphosphoS5; MAX,2,uncertain-significance,0,unlabeled,0,0.0,0.0,CTCCGTCATGTGCTGTGACTGCTTGTAGATGGCCATGGCGCGGACGCGGGTGCCGGGCGGGGGTGTGGAATCAACCCACAGCTGCACAGGGCAGGTCTTGG,CTCCGTCATGTGCTGTGACTGCTTGTAGATGGCCATGGCGCGGACGCGGGTGCCGGGCGGGGGTGTGGAATCAACCCACAGCTGCACAGGGCAGGTCTTGG,-0.5622,no_refalt,0,0,0,0,0,0,0,0,0,0,0,0,0,0,0,0,0,0,0,0,0,0,0,0,0,0,0,0,0,0,0,0,0,0,0,0,0,0.0,,,0,3,pathogenic,0.05244445170844363,0.2817682264308853,0.20488125554142803,0.46090606631924314,0.46090606631924314,0.20488125554142803,0.6657873218606711,0.46090606631924314,1833,True,True
1840,TP53,rs2073401137,Chr17,7675216,,,1,indel,1,5_prime_UTR,0,0,CTCF; POLR2A; H2AFZ; POLR2AphosphoS5; MAX,2,uncertain-significance,0,unlabeled,0,0.0,0.0,GAATCAACCCACAGCTGCACAGGGCAGGTCTTGGCCAGTTGGCAAAACATCTTGTTGAGGGCAGGGGAGTACTGTAGGAAGAGGAAGGAGACAGAGTTGAA,GAATCAACCCACAGCTGCACAGGGCAGGTCTTGGCCAGTTGGCAAAACATCTTGTTGAGGGCAGGGGAGTACTGTAGGAAGAGGAAGGAGACAGAGTTGAA,1.0386,no_refalt,0,0,0,0,0,0,0,0,0,0,0,0,0,0,0,0,0,0,0,0,0,0,0,0,0,0,0,0,0,0,0,0,0,0,0,0,0,0.0,,,0,3,pathogenic,0.03374061231133349,0.17860176519904322,0.33453379123754334,0.4531238312520798,0.4531238312520798,0.33453379123754334,0.7876576224896231,0.4531238312520798,1840,True,True
1858,TP53,rs2543609319,Chr17,7675242,,,1,indel,1,5_prime_UTR,0,0,CTCF; POLR2A; H2AFZ; POLR2AphosphoS5; MAX,2,uncertain-significance,0,unlabeled,0,0.0,0.0,GGTCTTGGCCAGTTGGCAAAACATCTTGTTGAGGGCAGGGGAGTACTGTAGGAAGAGGAAGGAGACAGAGTTGAAAGTCAGGGCACAAGTGAACAGATAAA,GGTCTTGGCCAGTTGGCAAAACATCTTGTTGAGGGCAGGGGAGTACTGTAGGAAGAGGAAGGAGACAGAGTTGAAAGTCAGGGCACAAGTGAACAGATAAA,-0.082,no_refalt,0,0,0,0,0,0,0,0,0,0,0,0,0,0,0,0,0,0,0,0,0,0,0,0,0,0,0,0,0,0,0,0,0,0,0,0,0,0.0,,,0,3,pathogenic,0.04622196995058124,0.24987572864236834,0.2390461566913922,0.46485614471565784,0.46485614471565784,0.2390461566913922,0.70390230140705,0.46485614471565784,1858,True,True
1859,TP53,rs2543609378,Chr17,7675243,,,1,indel,1,5_prime_UTR,0,0,CTCF; POLR2A; H2AFZ; POLR2AphosphoS5; MAX,2,uncertain-significance,0,unlabeled,0,0.0,0.0,GTCTTGGCCAGTTGGCAAAACATCTTGTTGAGGGCAGGGGAGTACTGTAGGAAGAGGAAGGAGACAGAGTTGAAAGTCAGGGCACAAGTGAACAGATAAAG,GTCTTGGCCAGTTGGCAAAACATCTTGTTGAGGGCAGGGGAGTACTGTAGGAAGAGGAAGGAGACAGAGTTGAAAGTCAGGGCACAAGTGAACAGATAAAG,0.0781,no_refalt,0,0,0,0,0,0,0,0,0,0,0,0,0,0,0,0,0,0,0,0,0,0,0,0,0,0,0,0,0,0,0,0,0,0,0,0,0,0.0,,,0,3,pathogenic,0.04426209489355429,0.23930368315223122,0.25137420384026027,0.4650600181139538,0.4650600181139538,0.25137420384026027,0.7164342219542141,0.4650600181139538,1859,True,True
1861,TP53,rs2543609426,Chr17,7675244,,,1,indel,1,5_prime_UTR,0,0,CTCF; POLR2A; H2AFZ; POLR2AphosphoS5; MAX,2,uncertain-significance,0,unlabeled,0,0.0,0.0,TCTTGGCCAGTTGGCAAAACATCTTGTTGAGGGCAGGGGAGTACTGTAGGAAGAGGAAGGAGACAGAGTTGAAAGTCAGGGCACAAGTGAACAGATAAAGC,TCTTGGCCAGTTGGCAAAACATCTTGTTGAGGGCAGGGGAGTACTGTAGGAAGAGGAAGGAGACAGAGTTGAAAGTCAGGGCACAAGTGAACAGATAAAGC,0.0781,no_refalt,0,0,0,0,0,0,0,0,0,0,0,0,0,0,0,0,0,0,0,0,0,0,0,0,0,0,0,0,0,0,0,0,0,0,0,0,0,0.0,,,0,3,pathogenic,0.04426209503734214,0.2393036831049004,0.25137420380149245,0.4650600180562653,0.4650600180562653,0.25137420380149245,0.7164342218577577,0.4650600180562653,1861,True,True
1953,TP53,rs2543641535,Chr17,7676383,,,1,indel,1,5_prime_UTR,0,0,CTCF; POLR2A; H2AFZ; POLR2AphosphoS5; MAX,2,uncertain-significance,0,unlabeled,0,0.0,0.0,CCTCCAGGTCCCCAGCCCTCCAGGTCCCCAGCCCAACCCTTGTCCTTACCAGAACGTTGTTTTCAGGAAGTCTGAAAGACAAGAGCAGAAAGTCAGTCCCA,CCTCCAGGTCCCCAGCCCTCCAGGTCCCCAGCCCAACCCTTGTCCTTACCAGAACGTTGTTTTCAGGAAGTCTGAAAGACAAGAGCAGAAAGTCAGTCCCA,1.0541,no_refalt,0,0,0,0,0,0,0,0,0,0,0,0,0,0,0,0,0,0,0,0,0,0,0,0,0,0,0,0,0,0,0,0,0,0,0,0,0,0.0,,,0,3,pathogenic,0.03358849936535657,0.17767837685398055,0.3359922837171303,0.4527408400635323,0.4527408400635323,0.3359922837171303,0.7887331237806626,0.4527408400635323,1953,True,True
1954,TP53,rs587782270,Chr17,7676388,,,1,indel,1,5_prime_UTR,0,0,CTCF; POLR2A; H2AFZ; POLR2AphosphoS5; MAX,2,uncertain-significance,0,unlabeled,0,0.0,0.0,AGGTCCCCAGCCCTCCAGGTCCCCAGCCCAACCCTTGTCCTTACCAGAACGTTGTTTTCAGGAAGTCTGAAAGACAAGAGCAGAAAGTCAGTCCCATGGAA,AGGTCCCCAGCCCTCCAGGTCCCCAGCCCAACCCTTGTCCTTACCAGAACGTTGTTTTCAGGAAGTCTGAAAGACAAGAGCAGAAAGTCAGTCCCATGGAA,-1.8284,no_refalt,0,0,0,0,0,0,0,0,0,0,0,0,0,0,0,0,0,0,0,0,0,0,0,0,0,0,0,0,0,0,0,0,0,0,0,0,0,0.0,,,0,3,pathogenic,0.07118946765129974,0.36178543697150495,0.13493087112548577,0.4320942242517095,0.4320942242517095,0.13493087112548577,0.5670250953771953,0.4320942242517095,1954,True,True
